app_name,total_methods,version_code,file_size_kb,num_files,package_name,version_name,num_receivers,num_intents,num_services,num_permissions,num_activities,has_native_code,num_providers,label
1112,27872,11.0,4358.369140625,105,1453,0,6,2,2,8,11,1,1,0
119,661,7.0,100.318359375,14,1909,0,3,2,4,13,2,0,0,0
1888,12012,45.0,3272.005859375,257,909,0,0,2,5,18,9,1,0,0
1879,0,2.0,60780.087890625,1341,956,0,2,3,7,25,5,1,0,0
502,1178,7.0,616.455078125,26,1053,0,2,2,1,9,4,0,0,0
475,20031,11.0,2142.82421875,117,1826,0,1,2,1,10,6,1,0,0
1812,13142,52.0,2471.328125,99,1594,0,6,4,3,9,9,0,0,0
1828,190,152.0,21509.0908203125,2481,1627,0,15,11,24,40,104,1,3,0
1791,661,7.0,1052.8466796875,15,1909,0,3,2,4,13,2,0,0,0
1389,29545,1.0,3326.9677734375,520,1902,0,0,2,0,3,4,0,0,0
1384,12641,1160.0,4298.3193359375,126,1030,0,17,10,12,44,16,1,0,0
1197,6613,1.0,8118.2578125,116,1175,0,5,4,8,34,6,1,0,0
1211,12747,1.0,756.0224609375,21,872,0,4,2,3,26,1,1,0,0
1478,24469,12.0,14859.1513671875,507,1633,0,1,7,5,17,11,1,0,0
1823,72,1182.0,2353.40234375,159,1876,0,21,474,32,152,251,1,9,0
286,72,318.0,2407.2587890625,188,1890,0,19,474,29,152,258,1,9,0
230,5286,1.0,419.44921875,45,954,0,13,3,9,44,2,0,0,0
367,44893,30.0,4461.6025390625,95,814,0,5,2,3,9,12,1,0,0
1645,68,1.0,1334.2294921875,178,1575,0,2,4,1,42,8,1,0,0
11,11594,3.0,2362.640625,147,1638,0,8,2,8,23,4,1,0,0
1829,3471,105.0,3866.8447265625,178,443,0,4,3,3,22,9,1,0,0
1809,6969,302.0,4252.7216796875,54,1895,0,2,2,2,10,4,1,0,0
1755,1792,180.0,661.376953125,49,1270,0,2,2,2,24,5,1,0,0
1859,6493,3504.0,803.185546875,66,1917,0,2,2,1,6,13,0,0,0
1786,2278,101.0,5087.5966796875,62,1632,0,3,5,4,16,15,1,0,0
728,29480,1.0,2658.169921875,493,666,0,0,2,0,2,9,0,0,0
521,661,7.0,118.2373046875,14,1909,0,3,2,4,13,2,0,0,0
558,6515,1.0,7746.806640625,94,784,0,6,5,6,43,8,1,0,0
1814,7728,532.0,559.6025390625,106,713,0,5,2,6,16,6,1,0,0
418,4762,15.0,4789.376953125,293,1271,0,2,8,3,42,7,1,0,0
884,18136,116.0,5546.0205078125,331,1263,0,12,16,8,52,11,1,4,0
1867,18554,1.0,7975.98046875,309,890,0,2,4,3,15,5,1,0,0
1858,1178,7.0,6786.0927734375,267,1869,0,2,2,1,12,13,0,0,0
553,39026,4.0,5716.8544921875,659,939,0,2,2,3,21,17,0,0,0
1789,20411,12097.0,1440.111328125,347,1871,0,2,2,3,16,6,0,0,0
1677,29399,4.0,2199.0029296875,457,1649,0,0,2,0,2,2,0,0,0
1243,72,360.0,2263.92578125,157,1445,0,20,474,31,152,250,1,9,0
1885,193,156.0,18962.79296875,2516,1468,0,15,11,24,40,106,1,3,0
481,24931,2.0,8945.962890625,452,1574,0,2,2,2,9,10,1,0,0
1849,9194,839.0,12058.2744140625,40,903,0,2,2,1,7,4,0,0,0
1832,9846,12.0,6142.0078125,181,618,0,0,24,1,10,28,1,0,0
1257,1288,29.0,16655.7509765625,206,935,0,3,2,2,11,6,1,0,0
152,34245,1.0,5207.32421875,531,517,0,2,2,2,9,11,0,0,0
520,661,7.0,1060.359375,15,1909,0,3,2,4,13,2,0,0,0
1828,193,156.0,21534.8701171875,2481,1627,0,15,11,24,40,104,1,3,0
1755,3295,180.0,910.2841796875,81,1270,0,5,3,3,26,7,1,0,0
1834,6805,38.0,3644.56640625,114,1622,0,12,6,6,11,18,1,0,0
508,29412,1.0,3426.3310546875,459,1464,0,0,2,0,9,2,0,0,0
1791,661,7.0,1052.869140625,15,1909,0,3,2,4,13,2,0,0,0
1755,1667,180.0,654.529296875,49,1270,0,1,2,1,24,5,1,0,0
756,31629,5.0,9053.8994140625,74,1845,0,1,2,1,10,6,1,0,0
1219,42851,218.0,23169.4072265625,2065,1855,0,3,2,5,11,18,0,1,0
1785,23293,45.0,3917.060546875,1041,1254,0,6,7,4,36,73,1,1,0
0,18998,8.0,2912.822265625,215,201,0,10,7,11,23,33,0,1,0
1245,2343,100001.0,4520.7529296875,614,1580,0,1,2,1,8,8,1,0,0
1848,9194,2016.0,5459.5283203125,192,1579,0,5,4,7,25,5,1,0,0
1850,563,291.0,4625.478515625,664,1501,0,4,7,9,28,17,1,1,0
1755,1667,180.0,654.53125,49,1270,0,1,2,1,24,5,1,0,0
1838,4984,5253.0,34293.4375,299,1146,0,1,2,1,6,5,1,0,0
163,19271,1.0,4157.7138671875,221,952,0,15,4,17,49,11,1,1,0
1854,11036,47.0,2099.423828125,18,1020,0,3,2,2,14,8,0,0,0
1643,40300,1.0,4204.8857421875,286,777,0,8,2,5,25,10,1,0,0
1805,9345,70170.0,10902.193359375,26,878,0,0,3,0,8,2,1,0,0
1351,40768,1.0,7583.224609375,322,1277,0,6,2,3,9,12,1,1,0
1861,72,1345.0,2228.7802734375,150,1886,0,14,2,22,39,23,1,0,0
1755,3046,181.0,755.6025390625,50,1858,0,1,2,1,24,5,1,0,0
1827,70902,5163.0,10401.056640625,1970,1049,0,17,38,19,45,100,1,2,0
18,12010,32.0,3113.451171875,258,908,0,0,2,5,18,9,1,0,0
4,26490,19.0,19908.6181640625,740,965,0,1,2,1,6,4,0,0,0
1649,39348,3.0,4372.4296875,312,1776,0,2,2,2,11,8,1,0,0
1799,11220,13.0,6074.634765625,877,1255,0,1,2,4,47,14,1,0,0
1825,8924,1003071.0,11301.5224609375,42,42,0,2,2,1,6,4,1,0,0
1722,661,7.0,146.388671875,14,1909,0,3,2,4,13,2,0,0,0
1457,42094,1.0,8797.2197265625,287,1211,0,4,3,5,35,5,1,0,0
1808,5310,6607.0,34837.82421875,339,1908,0,1,2,1,8,5,1,0,0
2,661,7.0,66.5625,14,1909,0,3,2,4,13,2,0,0,0
1816,7739,3517.0,10332.6318359375,42,896,0,3,2,2,8,7,1,0,0
890,12925,100001.0,4801.95703125,511,1266,0,1,2,1,12,8,1,0,0
1500,20629,10.0,3025.494140625,176,1901,0,1,2,1,9,6,1,0,0
1885,158,133.0,15697.646484375,2375,1468,0,11,479,26,147,335,1,11,0
144,42600,1060000.0,4300.865234375,619,1833,0,5,0,4,6,4,1,0,0
1653,38252,13.0,9168.3876953125,387,1783,0,6,2,3,8,11,1,1,0
1862,2188,102.0,10258.56640625,245,399,0,3,3,2,11,6,1,0,0
1353,42741,1.0,6845.8916015625,201,776,0,10,2,8,22,10,1,0,0
427,57901,2021.0,27921.1708984375,628,549,0,10,2,2,17,6,1,0,1
888,46873,2001280900.0,50153.349609375,1003,810,0,5,3,4,10,4,1,1,1
321,103520,5315.0,14919.2490234375,2824,735,0,7,3,6,16,42,1,2,1
1373,56084,1.0,12872.2099609375,569,945,0,1,2,2,3,11,0,0,1
739,9073,18.0,2232.4130859375,560,874,0,5,5,3,12,17,0,0,1
413,44160,1.0,8039.9072265625,265,1492,0,0,2,0,9,2,0,0,1
403,52194,335.0,8406.3427734375,1536,1460,0,6,16,3,12,105,0,0,1
1363,14514,11.0,2292.59375,166,1114,0,2,4,1,4,4,0,0,1
1486,24703,2.0,2451.9921875,471,1444,0,0,10,0,4,7,0,0,1
696,14801,8006003.0,19750.1171875,288,28,0,0,2,0,3,2,1,0,1
1772,50029,12.0,15857.736328125,494,476,0,4,2,3,16,11,1,0,1
1374,64562,120.0,18398.5048828125,1299,1635,0,4,2,5,11,35,1,1,1
199,14817,7005001.0,21302.0068359375,288,57,0,0,2,0,3,2,1,0,1
797,26472,2.0,10996.8837890625,244,1097,0,0,2,0,9,7,1,0,1
526,5338,1030306.0,2365.21484375,154,933,0,0,2,0,0,1,1,0,1
501,48659,131.0,9287.923828125,2114,149,0,4,4,8,14,51,0,2,1
289,53814,28.0,12652.525390625,2328,4,0,4,9,4,19,68,1,1,1
1007,21792,28.0,1402.78515625,228,1247,0,0,2,0,2,3,0,0,1
1130,42288,8.0,3027.2265625,177,1631,0,0,2,1,11,5,0,0,1
233,52230,602.0,13884.2099609375,1150,624,0,12,5,10,13,24,0,3,1
1720,30071,18.0,2019.7490234375,190,1001,0,0,3,0,3,8,0,0,1
1525,45792,244.0,15798.3583984375,563,1684,0,4,2,2,5,11,1,1,1
919,53827,382.0,8058.1435546875,1922,228,0,8,11,10,14,20,1,2,1
929,42909,10.0,6513.6904296875,856,499,0,2,2,4,10,18,1,1,1
1468,31694,72150.0,7904.810546875,340,1657,0,7,3,3,13,2,1,1,1
538,36688,1.0,4085.599609375,478,1000,0,0,2,0,15,13,0,0,1
170,20675,1238461.0,18628.15234375,477,566,0,1,5,0,7,27,1,1,1
1502,44262,2.0,5081.19140625,369,1273,0,0,2,0,5,3,0,1,1
261,38625,401707032.0,5418.4208984375,910,229,0,5,3,5,11,6,0,1,1
602,72411,12.0,35010.505859375,1249,636,0,9,5,3,13,10,1,1,1
516,26290,257.0,2854.578125,189,111,0,0,2,1,5,14,0,0,1
851,52644,259.0,10903.1162109375,1375,99,0,4,2,6,6,15,0,2,1
1697,60548,62.0,6155.4541015625,254,282,0,0,2,0,11,5,1,0,1
405,5290,113.0,19086.73828125,4159,469,0,0,2,0,5,6,0,0,1
1020,46176,491.0,4885.3740234375,855,1865,0,4,5,2,16,25,0,1,1
960,28369,65.0,4878.658203125,1316,91,0,4,2,3,8,13,0,2,1
1704,105773,185.0,21602.466796875,1571,175,0,4,12,10,17,63,1,3,1
1524,58915,17.0,6163.6435546875,1063,650,0,7,9,4,11,16,0,0,1
977,43165,57.0,7141.326171875,736,758,0,5,2,0,4,10,0,1,1
680,39322,2.0,9754.701171875,796,1751,0,3,2,3,10,4,0,1,1
172,15105,49.0,1845.23046875,59,971,0,1,3,1,6,21,0,0,1
436,124799,60010028.0,22233.98828125,1571,148,0,10,38,10,16,55,1,1,1
371,12372,10100020.0,7582.8642578125,784,973,0,0,5,0,11,15,0,0,1
544,23907,10000017.0,3438.7607421875,836,1637,0,2,7,5,10,12,0,1,1
1417,42541,2.0,6354.595703125,921,1054,0,12,4,10,13,21,1,1,1
1206,30932,230.0,17423.154296875,992,1079,0,5,9,11,12,23,1,0,1
58,85544,213122.0,18634.529296875,2999,578,0,32,5,26,43,28,1,1,1
1358,25189,31.0,7856.4404296875,362,81,0,6,2,3,12,25,0,0,1
241,7898,20140710.0,1613.1025390625,708,1322,0,1,18,0,10,10,1,0,1
1630,46428,22.0,28415.2998046875,700,1763,0,11,3,6,25,7,1,1,1
239,55382,11.0,3830.9521484375,749,639,0,2,4,3,7,8,0,1,1
1537,854,270.0,183.0263671875,40,1360,0,0,2,0,3,13,0,0,1
1031,16328,14.0,10226.0400390625,793,427,0,0,2,0,4,4,0,1,1
256,58912,66.0,5792.923828125,1830,1614,0,3,12,1,10,34,1,1,1
1046,80451,1620.0,13947.7001953125,2908,131,0,4,5,2,15,6,0,0,1
134,13431,1.0,18744.91015625,276,265,0,5,2,1,2,6,1,1,1
198,25872,18.0,4243.58984375,681,700,0,1,2,1,16,24,0,0,1
1204,49786,37.0,23077.416015625,2323,1834,0,8,12,7,17,22,1,3,1
1751,31685,60602.0,14278.5400390625,2027,1143,0,5,38,4,13,44,1,0,1
858,27493,2005000.0,36511.3798828125,357,49,0,2,3,1,10,3,1,0,1
485,35684,16.0,10886.96875,191,748,0,0,5,0,4,3,0,0,1
237,57306,42.0,47365.5556640625,1399,302,0,4,2,3,13,18,1,0,1
369,21499,80.0,4861.994140625,854,520,0,0,3,1,2,5,0,1,1
873,60964,10.0,4383.6396484375,746,967,0,7,6,7,19,12,0,1,1
86,16240,3.0,3630.123046875,215,351,0,1,2,3,5,7,1,0,1
147,28133,90003929.0,4652.8759765625,1242,278,0,7,7,9,13,23,0,3,1
389,35181,1.0,2920.3583984375,276,1377,0,0,2,0,10,23,0,0,1
36,47441,2015.0,4653.10546875,663,1275,0,2,14,2,8,30,0,0,1
1186,79479,264.0,26162.3212890625,5180,1603,0,4,31,6,13,78,1,3,1
1022,41431,2014112403.0,5847.05859375,783,1439,0,1,6,2,9,30,0,0,1
361,5557,1.0,2346.2783203125,183,1166,0,1,2,1,5,14,0,0,1
153,53057,21.0,13386.1240234375,570,243,0,2,2,4,6,15,0,0,1
1050,4448,110.0,493.15234375,85,817,0,3,22,1,2,23,0,0,1
432,20806,1966.0,2789.310546875,662,595,0,13,3,15,63,17,1,2,1
585,63284,679.0,11952.15234375,1656,1390,0,9,4,9,12,43,0,0,1
174,40637,40209000.0,24710.6328125,3072,568,0,6,10,5,11,24,1,2,1
1620,21914,7.0,45047.9375,117,1760,0,0,2,0,3,4,1,0,1
914,60110,15012002.0,24799.66796875,652,1337,0,2,2,1,12,10,1,1,1
1741,19991,1.0,1353.27734375,72,1538,0,1,2,0,14,4,0,0,1
318,12,2.0,12.4453125,7,1523,0,0,2,0,0,1,0,0,1
1544,9990,6.0,25484.2626953125,745,1729,0,1,2,0,8,5,0,0,1
1668,20011,61.0,3625.6455078125,613,1436,0,2,4,3,4,13,0,1,1
190,3988,3001010.0,12852.822265625,74,77,0,1,3,1,5,1,1,0,1
154,57901,2022.0,28150.7333984375,657,547,0,10,2,2,17,6,1,0,1
1435,53497,11518.0,6302.771484375,1401,497,0,14,38,11,48,60,1,6,1
140,30800,3.0,2611.482421875,667,467,0,0,2,0,2,3,0,0,1
542,28343,11254.0,4193.1025390625,1437,89,0,7,11,0,6,34,0,5,1
1005,30950,2.0,15015.5126953125,498,740,0,0,3,2,11,5,1,0,1
168,21156,12.0,3457.267578125,783,396,0,1,2,8,5,11,0,1,1
262,57901,2021.0,27913.4677734375,628,548,0,10,2,2,17,6,1,0,1
577,33814,3.0,6399.94140625,593,402,0,0,2,0,12,7,0,0,1
571,31484,39.0,4176.5166015625,678,1691,0,5,2,2,7,6,0,0,1
1308,24236,4.0,14822.7431640625,787,477,0,0,8,0,4,11,0,0,1
48,43150,86.0,9831.6181640625,1458,390,0,12,5,35,22,19,0,1,1
1406,26713,10.0,6300.3251953125,47,500,0,0,2,0,4,2,0,0,1
411,46209,57.0,5565.88671875,1398,897,0,6,2,7,8,23,0,1,1
305,19695,208.0,2199.4228515625,251,178,0,2,2,3,17,3,0,1,1
1006,53578,142999.0,22840.3046875,1938,209,0,2,5,0,6,13,1,1,1
458,48030,50.0,8345.3955078125,1624,1646,0,6,5,6,9,9,0,3,1
1623,29850,5.0,7761.0029296875,498,653,0,0,3,1,6,5,0,0,1
1068,19215,7.0,1433.19921875,358,165,0,0,2,0,2,2,0,0,1
1659,25277,334.0,13082.8994140625,1505,594,0,5,15,5,21,33,1,0,1
383,27584,1212.0,3706.19140625,868,858,0,11,5,9,16,31,0,3,1
299,18333,10000.0,4059.0283203125,139,941,0,1,2,3,7,3,0,0,1
763,1168,1.0,1776.720703125,35,1764,0,0,2,0,3,1,0,0,1
915,448,2.0,2258.0546875,222,1122,0,0,2,0,0,3,0,0,1
947,53316,50.0,40587.583984375,1433,1426,0,0,2,0,6,8,1,0,1
319,42921,18.0,17929.482421875,716,729,0,0,4,0,6,7,1,1,1
1606,81881,366.0,9130.18359375,1118,1768,0,9,10,11,19,42,0,1,1
441,448,3.0,1963.6875,222,1120,0,0,2,0,0,3,0,0,1
1361,94976,104.0,33709.931640625,1166,163,0,11,6,9,9,31,1,2,1
599,57901,2021.0,27911.013671875,628,546,0,10,2,2,17,6,1,0,1
280,19636,15.0,25359.2626953125,1351,171,0,3,2,3,7,8,0,1,1
484,46752,34.0,7342.1357421875,337,1391,0,3,3,1,14,11,1,0,1
1092,43792,77.0,3712.2392578125,1029,1535,0,5,2,1,9,12,0,0,1
428,17741,5.0,51156.2236328125,1882,1172,0,3,2,3,11,2,1,0,1
60,20743,4.0,33037.611328125,334,466,0,0,8,0,6,5,0,1,1
813,47713,26.0,16368.5537109375,880,227,0,1,3,1,5,1,0,0,1
1158,1863,17.0,5389.025390625,637,685,0,0,2,0,2,1,0,0,1
298,25583,30251046.0,18533.6689453125,3751,861,0,38,63,31,70,273,1,20,1
962,51550,656.0,30398.2392578125,815,1291,0,1,4,4,14,17,1,0,1
1320,26625,9.0,3270.4951171875,493,1761,0,0,2,0,8,13,0,0,1
698,45,512.0,780.611328125,297,977,0,0,3,0,0,1,0,0,1
399,245,25.0,7913.888671875,877,36,0,0,3,0,11,1,1,0,1
1781,81304,1402342.0,22291.4404296875,5287,1239,0,26,14,22,40,132,1,1,1
1795,16085,6.0,5867.5380859375,1161,523,0,0,2,0,3,5,0,0,1
1094,31168,2006000.0,19498.5361328125,985,72,0,5,4,3,12,5,1,1,1
1019,16235,5.0,6250.96484375,606,1372,0,0,2,0,2,7,0,0,1
829,37569,31732.0,27939.0771484375,907,1209,0,4,3,2,4,3,1,0,1
1488,81732,61.0,13669.0927734375,2301,1674,0,10,0,5,17,86,1,5,1
1580,31169,17.0,2628.623046875,574,1371,0,0,5,0,3,12,0,0,1
1039,3330,25.0,1083.2431640625,258,1178,0,2,31,1,7,18,0,0,1
1400,37257,68.0,7110.3291015625,1512,159,0,2,4,9,10,46,0,2,1
333,53733,56.0,22740.7861328125,1702,1164,0,6,4,4,19,30,1,0,1
555,51663,68.0,6673.0087890625,974,940,0,10,2,11,11,11,0,2,1
178,21178,1.0,13768.314453125,855,1486,0,0,2,0,5,3,0,0,1
573,115486,8945.0,23617.435546875,2772,796,0,5,5,6,20,63,1,6,1
1172,40863,5.0,5739.4287109375,253,1655,0,0,2,0,5,6,0,0,1
1276,57376,3.0,4175.955078125,746,622,0,1,4,2,4,14,0,1,1
1273,24390,18.0,15356.513671875,602,158,0,2,6,2,5,22,1,1,1
1285,16440,557720.0,3873.203125,270,986,0,1,2,3,8,1,0,0,1
773,53558,3.0,10673.294921875,1480,1822,0,1,2,1,16,44,0,0,1
423,26005,9006037.0,45386.9951171875,1182,12,0,3,3,3,12,3,1,1,1
342,42747,4.0,30907.986328125,714,783,0,1,5,1,17,13,0,0,1
532,32211,4.0,8621.466796875,75,166,0,1,2,2,12,2,1,0,1
92,69726,114.0,15380.43359375,1256,458,0,21,4,6,12,38,0,2,1
1678,50289,103070203.0,25850.779296875,2302,1803,0,1,3,1,7,15,1,0,1
133,40673,2082224.0,9507.1396484375,1750,641,0,32,4,23,36,32,1,1,1
777,49435,2000599.0,12941.53515625,1901,286,0,4,8,4,12,51,1,1,1
1847,12987,1702020.0,8871.2978515625,456,755,0,4,7,3,6,29,0,2,1
1089,61214,4284.0,12521.3984375,1232,1527,0,5,5,3,12,28,1,0,1
536,16410,37.0,18822.966796875,2539,1315,0,0,7,0,6,21,1,0,1
1023,50275,55.0,26007.7548828125,138,356,0,0,2,0,6,8,1,0,1
1709,130736,165.0,32498.4873046875,3813,701,0,8,5,10,17,44,1,0,1
862,51306,10.0,7376.7001953125,1133,483,0,0,2,3,8,17,0,0,1
327,27675,30.0,6801.2041015625,991,737,0,0,4,0,10,93,0,0,1
984,20880,1.0,11780.2333984375,217,266,0,0,3,0,4,6,0,0,1
372,42342,33.0,7401.869140625,1748,829,0,3,3,2,15,16,0,0,1
810,47821,3.0,4063.943359375,1005,1162,0,7,3,3,8,27,0,0,1
1228,29577,49.0,3042.2978515625,813,364,0,10,3,5,32,45,1,3,1
835,28326,2.0,2621.291015625,354,124,0,0,2,0,3,4,0,0,1
911,41338,1.0,3879.505859375,429,821,0,0,2,0,8,9,0,0,1
37,10867,5.0,32381.267578125,118,1443,0,1,2,1,7,4,1,1,1
12,50671,25.0,10350.74609375,732,816,0,1,2,1,7,2,0,0,1
1716,31304,810.0,3891.6875,686,1067,0,1,3,1,20,16,0,1,1
1599,64723,37.0,12282.0703125,1751,1749,0,6,5,4,23,19,0,2,1
70,75337,103.0,13182.1220703125,920,314,0,2,8,3,17,8,0,0,1
677,34408,1.0,2887.8955078125,617,1237,0,0,2,0,2,11,0,0,1
954,43198,358.0,9463.4609375,2416,1456,0,6,3,2,15,3,0,0,1
1559,14778,114.0,13189.28515625,767,1521,0,0,2,0,2,7,0,0,1
1365,78899,80241.0,16540.6552734375,1488,637,0,4,18,5,15,24,1,0,1
614,7850,200.0,1975.89453125,186,1153,0,2,5,3,21,12,0,4,1
733,2544,7.0,28987.7001953125,90,1518,0,0,2,0,3,2,1,0,1
6,59167,14.0,48520.6552734375,2102,1689,0,2,3,2,9,9,0,1,1
187,52662,64.0,15624.5478515625,3397,1658,0,3,7,5,10,15,0,1,1
1775,620,10001083.0,1886.4619140625,45,220,0,2,4,1,6,2,1,1,1
295,58388,5.0,5318.806640625,1301,826,0,7,3,3,8,39,0,1,1
1053,56315,33029.0,48360.876953125,572,958,0,8,12,3,15,33,1,1,1
1262,13264,216008.0,5155.681640625,944,1668,0,5,2,0,3,3,0,0,1
1375,17655,2.0,1580.5361328125,462,1392,0,1,4,1,12,3,0,0,1
1270,11195,1300.0,35722.5498046875,188,1510,0,0,5,1,9,7,1,0,1
1382,1287,13.0,1337.3095703125,452,1824,0,4,3,0,4,15,0,0,1
136,103001,6374.0,14006.2548828125,2596,450,0,39,14,37,29,61,0,6,1
1657,24788,10.0,3957.486328125,111,1463,0,0,2,0,6,2,0,0,1
637,31184,42.0,3432.3720703125,193,1112,0,2,6,1,4,9,0,1,1
1318,23358,25.0,4689.859375,553,1286,0,2,5,1,9,17,0,0,1
1557,73473,52.0,7061.703125,1490,1730,0,10,38,13,17,60,0,1,1
783,51117,32.0,8754.333984375,951,1524,0,2,2,4,6,11,0,2,1
1776,12605,17.0,38437.5078125,349,1344,0,2,5,2,11,6,1,0,1
524,24035,124365.0,50098.4970703125,243,752,0,3,4,1,9,4,1,0,1
207,61973,5240294.0,16583.228515625,3169,607,0,3,4,7,17,69,1,0,1
527,29763,1.0,16597.9658203125,754,1857,0,0,2,0,3,4,1,0,1
935,8,83.0,5897.71875,30,1472,0,0,0,0,0,0,1,0,1
772,18745,3.0,1857.517578125,203,1401,0,1,2,0,7,13,0,1,1
343,33081,41.0,8008.6279296875,1316,211,0,5,2,5,21,58,0,1,1
1595,61428,74.0,17555.17578125,2101,1744,0,3,5,5,8,24,1,1,1
1893,14100,300090.0,11982.619140625,461,670,0,1,5,0,10,37,0,0,1
301,41008,10400014.0,3009.005859375,597,722,0,0,2,0,2,2,0,0,1
1367,12522,1.0,1044.076171875,393,853,0,0,2,0,1,2,0,0,1
112,16619,5070500.0,35156.044921875,1047,448,0,6,5,7,12,53,1,1,1
952,17096,3.0,1183.427734375,114,1519,0,1,2,1,4,2,0,0,1
1644,55371,25.0,20067.9599609375,2023,1500,0,2,5,4,12,17,1,0,1
1505,38099,4.0,6541.609375,877,325,0,3,4,4,13,22,1,1,1
1760,31082,229.0,5865.17578125,1756,1489,0,10,7,8,10,80,0,1,1
1188,19033,900173.0,3425.732421875,378,1733,0,6,2,4,8,8,1,1,1
89,20128,31.0,3556.8330078125,874,1073,0,0,28,0,7,17,0,1,1
1563,60547,1.0,21302.9541015625,1448,213,0,1,5,2,6,22,1,1,1
1359,60962,20160927.0,5664.291015625,811,1399,0,2,3,2,8,24,0,0,1
1412,37474,24.0,20971.525390625,1177,1314,0,2,6,3,7,23,1,1,1
276,115561,449.0,23137.1572265625,4042,315,0,9,17,11,31,45,1,6,1
1145,20417,8.0,2027.7099609375,201,842,0,0,2,0,2,3,0,0,1
776,23421,10403.0,2743.6455078125,625,669,0,0,2,0,3,1,0,0,1
287,40170,16.0,6061.8310546875,1017,1682,0,2,12,4,9,19,0,1,1
1551,19914,109009.0,17773.6171875,728,83,0,3,2,4,13,1,1,0,1
1429,25994,10020072.0,3231.919921875,238,862,0,2,2,3,10,11,1,1,1
338,25481,80406.0,5415.033203125,1514,754,0,2,2,2,7,19,0,0,1
442,72032,10.0,5190.2666015625,982,1636,0,7,10,9,26,23,0,1,1
474,52039,136.0,18031.8095703125,1673,183,0,6,12,10,12,42,1,1,1
617,589,1.0,1938.9267578125,231,1130,0,1,5,0,0,5,0,0,1
563,34439,51.0,3447.767578125,845,900,0,6,2,4,7,13,0,2,1
440,64058,1000026.0,27000.2998046875,619,877,0,8,6,6,8,46,1,2,1
1310,59033,231.0,22681.4658203125,1709,1604,0,5,3,5,14,27,1,2,1
1398,38524,36.0,41610.2958984375,694,259,0,3,5,1,14,23,1,0,1
793,24970,14.0,2662.666015625,454,1094,0,1,2,2,9,11,0,0,1
131,15363,1000004.0,18046.5302734375,302,60,0,1,2,1,14,2,1,0,1
175,91484,2977.0,11165.8203125,2190,574,0,41,19,32,35,45,0,1,1
329,56957,150101.0,16928.9794921875,830,1441,0,3,6,3,12,18,1,0,1
1157,40255,10016.0,7339.955078125,889,1927,0,1,3,2,4,6,1,0,1
723,16089,116.0,6047.0849609375,730,773,0,14,24,7,31,38,0,1,1
1301,28,32.0,1173.072265625,860,1181,0,0,0,0,0,0,0,0,1
1128,45199,11.0,7585.3837890625,1848,155,0,6,2,3,15,10,0,0,1
1627,79127,88.0,22258.4443359375,1775,235,0,5,3,5,29,54,1,1,1
161,3075,11.0,263.0185546875,50,915,0,2,2,0,2,5,1,0,1
609,41414,170.0,10004.7626953125,2077,1105,0,4,24,5,17,42,1,4,1
859,5082,1006004.0,15722.0126953125,106,51,0,3,2,1,11,2,1,0,1
1535,56785,150097.0,21214.7822265625,3196,1719,0,6,3,7,23,65,1,2,1
1057,50336,58.0,5019.7001953125,681,1064,0,2,5,4,18,19,0,0,1
573,49827,4272.0,20934.5615234375,1548,796,0,5,3,2,14,39,1,3,1
94,38090,84.0,37926.4287109375,1115,358,0,3,2,4,18,7,1,0,1
921,52626,84223460.0,19490.59765625,1624,1324,0,1,3,4,25,36,1,1,1
25,41525,48.0,36057.5302734375,2205,1349,0,3,3,2,14,18,1,0,1
1896,49557,104.0,12782.91796875,955,733,0,1,2,1,11,56,1,1,1
564,19738,2.0,25379.6826171875,512,1396,0,0,2,0,3,4,0,0,1
1731,99017,278.0,11243.6142578125,2093,355,0,29,7,36,46,112,1,3,1
907,68388,112.0,6903.47265625,1315,334,0,9,11,5,13,20,0,1,1
222,39722,29.0,4883.08203125,893,1150,0,14,2,13,27,29,1,3,1
674,24402,3.0,3775.93359375,356,471,0,0,2,0,5,8,0,0,1
652,3561,1112.0,2212.0419921875,140,985,0,0,4,0,5,6,0,1,1
398,19084,81.0,2243.033203125,636,1415,0,3,3,4,7,6,1,1,1
741,50057,36.0,4995.2529296875,602,188,0,1,2,7,5,16,0,2,1
1003,5235,1.0,16686.806640625,234,261,0,5,2,1,2,4,1,1,1
113,40900,21.0,25269.865234375,210,1258,0,1,4,0,6,12,1,0,1
869,26038,2.0,1821.7431640625,134,1910,0,0,2,0,5,8,0,0,1
467,377,10.0,43.3662109375,13,1694,0,0,2,0,3,1,0,0,1
503,58568,43002.0,45694.640625,2206,922,0,8,7,5,15,23,1,2,1
1074,59142,6.0,22649.5869140625,739,1670,0,5,2,4,21,28,1,1,1
438,33347,16.0,2373.2998046875,243,1234,0,0,2,2,2,5,0,1,1
737,32313,2.0,4555.447265625,176,1363,0,0,2,0,2,8,0,0,1
1533,61491,80.0,10752.19140625,1083,851,0,12,6,9,17,21,1,1,1
1342,40085,171.0,4427.1689453125,759,1690,0,6,7,6,12,29,0,1,1
707,62360,410.0,15553.89453125,3747,1034,0,3,2,6,18,34,1,1,1
991,58604,350.0,8340.8828125,1271,1350,0,5,6,3,15,48,1,2,1
184,12994,318014.0,4842.6962890625,308,1076,0,1,3,1,8,2,0,0,1
1530,101427,917.0,16988.5341796875,3056,1846,0,13,8,16,29,22,1,3,1
912,28812,4.0,11311.41015625,953,94,0,1,12,1,4,20,0,0,1
1759,39282,1.0,3192.5302734375,273,812,0,3,2,3,10,10,1,0,1
244,76806,331.0,9272.845703125,1522,651,0,3,15,4,20,39,0,1,1
710,26462,1.0,2396.037109375,354,1278,0,0,2,0,4,4,0,0,1
1086,34439,450006.0,24724.244140625,3276,1522,0,1,5,5,13,15,1,0,1
1441,4109,6.0,197.693359375,11,1188,0,0,2,0,9,1,0,0,1
1428,52022,4.0,5665.109375,706,440,0,3,2,2,6,6,0,1,1
892,26967,6.0,35325.935546875,128,679,0,1,4,1,11,7,1,0,1
635,68865,23.0,13750.5205078125,1522,177,0,3,8,4,13,24,0,2,1
1587,49709,602052.0,10336.66796875,1941,565,0,8,5,6,10,32,0,2,1
1100,38332,791.0,10483.3291015625,1098,1320,0,2,5,3,18,24,0,0,1
805,61520,71.0,29192.0224609375,973,643,0,6,2,4,11,23,1,1,1
1280,64532,39.0,4307.9453125,762,526,0,8,7,8,20,11,0,1,1
1646,151,13.0,80.5615234375,10,1305,0,0,2,0,2,1,1,0,1
673,43753,1.0,3303.119140625,494,645,0,0,2,0,5,12,0,0,1
864,20011,19.0,1666.9306640625,426,1559,0,0,2,0,3,4,0,1,1
591,25642,1000000.0,20730.4775390625,206,946,0,0,2,1,4,5,1,0,1
379,48715,3130010.0,16224.70703125,3060,855,0,3,3,13,15,54,0,1,1
1581,65995,20.0,13596.55859375,822,1212,0,3,7,8,8,16,0,1,1
559,56737,197.0,28551.5458984375,1396,1703,0,7,7,3,11,55,1,2,1
767,56832,10.0,11140.41796875,2390,600,0,0,5,0,8,29,1,0,1
572,28573,300558.0,20490.85546875,285,1577,0,6,2,5,16,4,0,2,1
1274,8555,1.0,771.1025390625,299,882,0,0,2,0,1,1,0,0,1
492,65132,43.0,7734.0576171875,1466,1191,0,7,14,6,19,99,0,0,1
870,41519,2020916164.0,12770.7705078125,3260,1615,0,0,8,0,9,54,1,1,1
1313,16795,81.0,1946.7607421875,282,1165,0,1,2,1,2,4,0,0,1
1234,63024,20160601.0,13637.947265625,1641,371,0,6,7,8,16,38,0,2,1
539,11078,3.0,1314.275390625,359,103,0,0,2,0,2,2,0,0,1
1142,30156,17.0,1920.833984375,330,1642,0,0,2,0,3,7,0,0,1
1117,56737,197.0,28543.7578125,1396,1705,0,7,7,3,11,55,1,2,1
879,48632,16.0,4723.7392578125,939,212,0,3,2,1,13,15,0,0,1
1408,27296,7.0,3417.060546875,313,1607,0,0,2,0,2,10,0,0,1
370,43703,2272057.0,31068.2236328125,1905,819,0,15,7,38,28,26,1,5,1
1734,64850,185.0,17834.5556640625,1800,1771,0,4,3,2,20,40,1,0,1
765,51545,45.0,12817.2744140625,597,1189,0,6,3,3,8,20,1,0,1
345,53666,2.0,6886.1591796875,271,247,0,3,3,3,14,3,1,0,1
146,18761,6.0,2047.4130859375,206,1408,0,1,2,0,7,13,0,1,1
622,42824,400040.0,10720.345703125,1828,1332,0,0,14,4,9,41,0,0,1
655,14817,8002003.0,21173.79296875,288,67,0,0,2,0,3,2,1,0,1
45,76563,827.0,12564.9990234375,1193,347,0,13,9,10,21,45,0,2,1
695,20544,10002.0,3614.5576171875,221,627,0,7,2,3,24,5,0,0,1
1666,26121,1.0,3436.052734375,190,1351,0,0,2,0,3,6,0,0,1
1667,66295,6353.0,7431.2802734375,1784,1794,0,12,8,10,16,32,0,3,1
942,42739,74.0,8766.9638671875,483,1422,0,1,5,1,6,5,1,2,1
1029,40451,39.0,3018.66015625,320,1458,0,2,2,1,7,6,0,0,1
1309,12792,3.0,33618.791015625,1319,1333,0,0,2,0,2,5,1,0,1
457,90230,125.0,17882.2294921875,2138,1484,0,12,14,7,13,34,0,1,1
1194,100364,50307.0,20146.2275390625,2882,745,0,9,8,14,10,81,1,5,1
1236,20409,78.0,2544.1826171875,715,430,0,1,2,2,9,7,0,0,1
1041,33543,8.0,1802.3330078125,182,1465,0,2,9,1,8,14,0,0,1
1316,8090,3001101.0,18594.0341796875,208,13,0,1,2,0,6,1,1,0,1
365,55498,4604.0,14926.94140625,2133,813,0,5,10,2,19,33,0,0,1
1665,38824,71.0,21898.302734375,2100,923,0,4,5,7,16,11,1,1,1
705,25567,31.0,4884.1279296875,859,522,0,4,3,4,7,7,0,1,1
702,58678,1310000.0,31419.943359375,731,10,0,0,2,0,7,5,1,0,1
658,41270,4.0,8589.6337890625,987,1007,0,0,10,0,6,5,0,0,1
1423,3769,1034005.0,37205.248046875,331,53,0,0,2,0,3,1,1,0,1
393,9431,10.0,27381.2119140625,132,1274,0,0,2,0,3,4,1,0,1
839,40351,2.0,4476.3056640625,561,1898,0,4,2,3,6,15,0,0,1
1124,53668,2704.0,38493.2578125,5110,1411,0,8,42,18,23,47,1,7,1
758,94114,42.0,14197.447265625,1683,187,0,9,6,15,21,33,1,2,1
1563,41529,7.0,5492.830078125,639,514,0,3,2,2,9,9,0,1,1
1143,32822,1.0,4990.1298828125,498,1287,0,0,2,0,1,3,0,0,1
792,6295,1013.0,808.8349609375,347,1093,0,0,2,0,5,1,0,0,1
133,30273,2069039.0,7274.5732421875,1310,641,0,30,4,21,37,30,1,1,1
1024,4368,13.0,553.7607421875,73,1168,0,5,3,1,0,2,0,0,1
1076,1282,124.0,119.76953125,51,938,0,1,5,1,5,4,0,0,1
1067,45164,10.0,7351.6982421875,1028,1503,0,2,19,3,15,59,0,0,1
419,57405,1248.0,10863.2734375,860,1059,0,3,6,4,14,20,1,2,1
708,28313,103.0,51003.953125,526,1373,0,4,3,2,12,6,1,0,1
59,5235,1.0,33635.7138671875,254,1364,0,5,2,1,2,4,1,1,1
201,35924,69.0,28963.1748046875,924,107,0,0,2,0,8,13,0,0,1
883,76596,15082.0,36104.0595703125,4276,1261,0,27,12,36,34,98,0,6,1
263,69859,90.0,14148.046875,2074,208,0,8,5,13,9,40,0,2,1
656,57901,2021.0,27928.9267578125,628,550,0,10,2,2,17,6,1,0,1
143,67688,372.0,7565.7705078125,1076,511,0,12,8,6,7,17,0,4,1
1743,16835,2023.0,3617.7138671875,899,1177,0,9,5,8,14,7,0,2,1
1503,14801,8002007.0,18092.4677734375,288,27,0,0,2,0,3,2,1,0,1
282,47672,64.0,5133.8095703125,1094,702,0,3,5,2,12,11,0,5,1
937,8,83.0,5837.0224609375,30,1473,0,0,0,0,0,0,1,0,1
109,99833,542.0,15222.1767578125,2891,1847,0,8,5,15,9,93,1,1,1
840,220548,152.0,25874.30859375,5660,224,0,7,43,14,12,198,1,2,1
1550,31416,150208.0,7666.4150390625,640,1410,0,0,2,0,6,9,1,0,1
795,18041,15.0,2529.2080078125,774,426,0,1,2,6,4,8,0,0,1
1427,60274,16.0,7657.3984375,1433,786,0,5,6,4,12,40,0,2,1
1637,43350,44.0,31070.4111328125,468,530,0,0,2,0,5,2,1,0,1
323,38936,1002003.0,47829.455078125,394,43,0,0,2,1,6,9,1,0,1
151,4939,1.0,3340.5068359375,29,516,0,0,6,0,7,6,0,0,1
3,25122,16.0,35358.5078125,1056,1451,0,0,2,0,4,3,1,0,1
99,87476,163.0,17614.646484375,5021,365,0,8,13,12,17,117,1,2,1
395,21978,1.0,14616.7880859375,641,1075,0,0,2,1,8,12,0,0,1
998,36506,4.0,2770.228515625,529,1308,0,0,2,0,6,2,0,0,1
1034,25655,1.0,5987.720703125,178,1449,0,0,13,0,11,9,1,0,1
141,40809,53.0,4270.7119140625,580,491,0,1,4,0,7,12,0,1,1
981,52881,61.0,5348.6064453125,1198,1317,0,9,2,5,26,80,1,0,1
719,47963,12803.0,11605.8212890625,1448,1913,0,11,8,15,10,19,0,1,1
899,64742,1950001.0,9747.8359375,1348,659,0,3,2,1,13,59,0,0,1
1172,24229,4.0,3214.373046875,474,1740,0,0,2,0,5,4,1,0,1
138,54990,3003011.0,21391.73046875,2353,461,0,1,5,2,15,52,1,0,1
306,42217,10.0,3776.3544921875,570,716,0,0,2,0,6,8,0,0,1
547,23926,40.0,2941.3271484375,626,1244,0,1,2,1,4,10,0,1,1
1676,34396,131.0,6495.78515625,1917,1800,0,3,5,5,7,40,0,3,1
804,74443,141.0,17639.9267578125,2008,1145,0,8,13,10,8,49,1,1,1
1881,3653,1000002.0,13302.6708984375,34,75,0,0,2,0,2,1,1,0,1
326,16288,26.0,2252.9794921875,573,339,0,2,2,1,6,7,0,0,1
273,33950,50014.0,15399.3984375,627,1197,0,1,2,2,4,10,0,0,1
1598,74098,2.0,6171.1298828125,1328,1746,0,6,7,11,11,13,0,1,1
1191,21876,2015021310.0,3625.5830078125,575,1081,0,1,17,0,6,16,1,1,1
1898,43022,6.0,5762.0927734375,607,1504,0,4,2,3,14,13,1,0,1
487,53389,12.0,4878.2587890625,564,445,0,0,2,0,6,9,0,1,1
676,22834,7.0,3272.1015625,840,1560,0,0,2,0,3,10,0,0,1
1593,31519,1.0,2392.3974609375,843,1624,0,1,4,1,4,5,0,0,1
971,51524,132.0,15977.5498046875,3346,1354,0,5,9,9,21,20,1,1,1
194,19564,28.0,2393.287109375,588,614,0,2,2,4,14,5,0,1,1
356,47570,7620.0,19995.21484375,4723,1509,0,4,10,5,13,29,1,2,1
1238,86615,272.0,14490.966796875,1602,1242,0,5,5,2,23,38,0,1,1
670,30627,3.0,2996.46484375,610,901,0,0,2,0,2,4,0,0,1
636,31185,42.0,3236.349609375,197,1107,0,2,6,1,4,9,0,1,1
303,3422,1.0,444.044921875,59,721,0,0,3,0,6,3,0,0,1
815,11695,1.0,2374.966796875,68,1196,0,1,2,1,5,3,0,0,1
1745,48854,373.0,14893.6357421875,1453,102,0,1,5,3,7,17,1,1,1
1387,20406,1000000.0,15337.5498046875,40,8,0,0,2,0,1,2,1,0,1
444,65049,3030.0,13720.685546875,490,308,0,4,5,11,11,49,1,0,1
811,70198,150.0,14256.0712890625,1867,1170,0,8,8,11,18,18,1,1,1
1340,52481,32.0,9556.1689453125,1734,1737,0,4,5,8,11,36,0,1,1
724,32184,49.0,26759.2666015625,1054,569,0,6,3,2,15,25,1,0,1
509,47816,1510.0,47348.677734375,3679,1785,0,6,3,2,11,37,1,0,1
9,102197,37.0,27512.5546875,2052,590,0,10,10,7,23,64,1,0,1
1542,47013,37.0,6035.8408203125,934,167,0,3,7,4,9,23,1,1,1
1687,14514,32.0,2867.609375,162,1108,0,2,4,1,4,4,0,0,1
1460,43795,296.0,9280.4150390625,1325,109,0,4,8,5,19,64,1,2,1
483,56737,197.0,28543.8857421875,1396,1702,0,7,7,3,11,55,1,2,1
518,37854,37.0,46666.6669921875,2702,206,0,6,9,7,7,35,0,2,1
197,73319,5378.0,10161.904296875,1182,662,0,4,21,1,9,19,1,0,1
687,28796,37.0,15812.0810546875,1126,1045,0,5,11,6,29,72,0,1,1
1418,64456,73.0,18404.18359375,3185,601,0,7,4,7,17,28,1,3,1
1449,60115,260.0,21745.873046875,2343,194,0,6,8,7,17,40,1,2,1
46,73153,1008.0,6767.2890625,866,455,0,3,6,1,13,10,0,0,1
1724,34964,2.0,3688.3583984375,475,934,0,0,2,0,4,3,0,0,1
1446,34790,39190.0,9186.50390625,2308,203,0,13,15,10,12,31,1,2,1
1026,6240,11.0,4648.0751953125,838,1442,0,0,2,0,1,45,0,0,1
1768,55602,13.0,5948.0732421875,247,1606,0,3,2,1,10,2,1,0,1
1147,56176,16.0,9563.26953125,1842,1327,0,6,10,7,13,39,0,1,1
349,72708,71.0,16320.7470703125,2620,793,0,5,15,5,13,60,1,0,1
850,96093,149.0,9114.412109375,1430,90,0,6,5,5,14,24,0,1,1
1708,55640,35.0,23861.1748046875,1330,694,0,5,3,4,22,68,0,1,1
986,26663,104012.0,29922.232421875,486,1346,0,1,3,2,16,14,1,0,1
1746,14396,20150209.0,3284.2275390625,365,772,0,8,3,4,18,2,1,1,1
379,29549,30100.0,7524.244140625,1047,855,0,2,3,5,14,48,0,0,1
1231,46152,44.0,5525.8701171875,744,1290,0,1,3,1,8,16,0,1,1
20,16484,3.0,39566.5986328125,1963,428,0,0,2,0,4,20,0,1,1
226,33719,309.0,8421.9228515625,970,1376,0,6,7,8,15,42,0,1,1
379,12439,14.0,2504.7373046875,490,856,0,0,2,0,9,9,0,0,1
1004,11015,45.0,3068.814453125,593,1750,0,1,2,1,17,14,1,0,1
385,33211,18.0,15277.7626953125,730,869,0,1,3,1,14,26,0,0,1
1737,46586,40203.0,5462.1640625,1408,766,0,3,5,4,10,24,1,0,1
414,42867,109004222.0,4330.400390625,1006,994,0,7,13,3,13,24,0,0,1
1626,61414,18367.0,9693.3876953125,1660,1765,0,3,69,5,18,85,1,2,1
52,71635,352.0,12723.5205078125,1868,536,0,8,8,7,11,45,1,1,1
235,26409,100002639.0,3140.0966796875,810,279,0,6,6,4,12,14,0,2,1
1166,53938,33.0,4601.298828125,664,718,0,1,2,1,8,29,1,0,1
530,61113,6.0,14156.1875,1523,1003,0,5,3,21,15,17,1,3,1
1476,20358,1.0,15110.44140625,558,1457,0,0,2,2,4,4,1,0,1
445,60542,1691.0,24707.9453125,2962,894,0,18,31,12,38,42,1,3,1
376,34574,2016020101.0,8016.7431640625,324,191,0,1,2,2,14,2,1,0,1
640,39892,312.0,10183.404296875,1224,992,0,4,4,11,13,28,1,1,1
743,26531,1000.0,22717.4248046875,347,64,0,2,2,1,7,11,1,0,1
1286,56737,197.0,28549.048828125,1396,1707,0,7,7,3,11,55,1,2,1
872,43065,14.0,12653.125,1600,809,0,3,2,3,5,41,1,0,1
649,62053,2.0,4961.693359375,827,1656,0,1,4,2,6,11,0,2,1
1601,49112,255.0,10257.7880859375,1966,284,0,5,2,8,19,70,1,1,1
1605,11879,10000.0,16864.6015625,122,628,0,1,3,1,13,2,0,0,1
764,21544,46.0,6257.154296875,158,1591,0,1,2,1,10,2,0,0,1
1427,84087,37.0,9766.2900390625,2053,1265,0,7,6,6,19,52,0,2,1
1890,54983,179.0,8172.681640625,757,1849,0,3,2,1,17,108,0,0,1
861,67086,233.0,11007.21875,2936,1249,0,7,14,5,19,29,0,1,1
308,25969,144.0,3706.8115234375,830,0,0,5,8,12,28,56,0,0,1
1422,52938,41.0,27386.5859375,153,1639,0,0,2,0,4,6,1,0,1
1366,32169,20601.0,2396.2275390625,786,649,0,4,3,4,5,7,0,1,1
1461,33605,12.0,10588.076171875,617,1907,0,0,2,0,7,8,0,0,1
1175,46226,15.0,4867.375,1337,475,0,4,8,2,8,12,0,1,1
1283,16264,5.0,4038.216796875,704,705,0,0,9,0,11,27,0,0,1
1749,85627,10.0,26859.7724609375,1906,470,0,4,21,9,21,56,1,0,1
1016,55758,2.0,5523.775390625,893,1433,0,7,8,6,12,32,0,0,1
1077,19472,12.0,10121.1640625,1054,661,0,1,2,2,8,22,0,1,1
548,101357,43.0,20156.861328125,2380,937,0,6,16,12,21,143,1,1,1
834,57226,39.0,4593.6591796875,612,1221,0,1,6,1,8,30,0,1,1
1115,4599,12.0,1005.2763671875,199,146,0,0,2,0,5,9,0,0,1
1200,55947,1.0,6661.1640625,566,1031,0,1,2,2,7,12,0,0,1
312,36688,1.0,4037.708984375,478,999,0,0,2,0,15,13,0,0,1
1662,50875,2.0,10010.23046875,2355,1139,0,1,2,1,5,53,0,0,1
612,41746,399.0,7042.6376953125,838,1151,0,15,41,17,39,72,0,13,1
1282,21760,100058.0,3942.7666015625,354,947,0,2,2,4,10,3,0,1,1
1126,23707,1.0,2209.685546875,452,1050,0,0,2,0,2,22,0,0,1
1129,50858,1414320.0,6953.5263671875,1558,156,0,9,3,14,15,17,0,1,1
1777,36362,1102.0,11053.6328125,572,1068,0,0,2,0,4,7,1,0,1
603,25259,2000038.0,4798.9619140625,369,893,0,2,2,2,4,3,0,0,1
1313,44929,129.0,6649.3740234375,939,1165,0,5,2,7,5,14,0,1,1
817,22977,52.0,3158.2900390625,956,1200,0,3,5,2,6,21,0,1,1
1153,20771,27.0,3637.64453125,221,1014,0,0,7,0,4,4,1,0,1
740,79129,8.0,9971.0673828125,1244,464,0,7,7,8,16,27,0,2,1
1182,47185,115.0,3735.6201171875,784,1202,0,4,3,1,8,14,0,0,1
1469,25353,2.0,2871.3330078125,436,274,0,2,5,1,8,8,0,0,1
604,64732,199.0,5647.107421875,1075,1204,0,6,7,8,13,27,0,1,1
1194,116189,60511.0,26386.9775390625,2769,745,0,10,11,14,15,96,1,6,1
1107,11194,11389.0,6824.9658203125,912,1323,0,2,2,6,29,18,0,0,1
802,53886,95.0,7064.568359375,1846,1101,0,6,6,4,16,54,0,0,1
1335,37132,68.0,43845.8134765625,804,374,0,4,5,5,10,11,1,1,1
1136,10990,1532311039.0,25771.7783203125,1927,1326,0,6,8,6,15,34,1,2,1
1459,21930,205078.0,10523.08984375,5914,454,0,0,2,0,3,3,0,0,1
359,18820,10.0,8664.689453125,467,806,0,0,2,0,4,10,0,0,1
1693,38196,1198.0,12979.947265625,2679,93,0,7,5,6,20,21,0,5,1
1431,33162,101714.0,6666.310546875,1317,983,0,1,3,0,5,4,1,0,1
661,5002,2.0,260.1806640625,13,190,0,0,2,0,6,1,0,0,1
28,63278,36.0,13217.7587890625,1355,1159,0,3,8,2,12,31,1,0,1
1093,22641,3.0,9460.572265625,666,1536,0,3,2,1,14,25,0,0,1
171,86384,53.0,51173.3037109375,3143,1708,0,9,15,6,10,56,1,1,1
1604,60394,114763.0,36742.630859375,1395,1767,0,3,2,2,14,33,1,0,1
1480,70657,51.0,15371.630859375,928,782,0,3,7,9,7,16,0,1,1
703,1954,75.0,375.2158203125,70,1230,0,7,4,2,13,14,0,0,1
71,345,10.0,71.8955078125,14,316,0,0,0,1,1,1,0,0,1
1132,57196,3.0,9625.095703125,678,260,0,0,2,0,4,16,0,1,1
780,14817,7005001.0,18300.142578125,288,58,0,0,2,0,3,2,1,0,1
629,36688,1.0,3620.619140625,478,1576,0,0,2,0,15,13,0,0,1
496,2233,9.0,14391.68359375,127,331,0,1,3,1,0,2,1,0,1
550,26602,49.0,5304.9306640625,676,1554,0,5,3,4,19,10,0,1,1
1177,589,1.0,2132.087890625,229,1128,0,1,5,0,0,5,0,0,1
906,86917,70.0,25481.8857421875,2725,1455,0,7,7,9,9,52,0,3,1
1404,62510,10650.0,15766.5537109375,2686,1302,0,5,9,3,11,103,1,0,1
1588,23628,10232013.0,6172.6220703125,882,132,0,4,6,6,8,6,0,0,1
1125,54715,1.0,19972.3486328125,628,866,0,0,2,0,4,4,0,0,1
1272,54215,13.0,12004.3935546875,305,95,0,4,2,5,21,7,1,1,1
107,42153,147.0,8706.41796875,706,387,0,7,0,4,26,37,1,2,1
871,22378,15.0,43062.1494140625,1237,1384,0,0,2,0,3,4,0,0,1
63,27949,22012.0,24047.7060546875,524,298,0,2,2,3,16,2,1,0,1
422,62764,30.0,8033.4248046875,808,147,0,0,2,0,7,5,0,0,1
108,119805,19051910.0,26900.98046875,3779,386,0,19,19,12,42,121,1,7,1
1256,62391,12.0,6584.8193359375,824,1590,0,1,2,1,10,25,0,0,1
720,44763,6.0,24074.1142578125,1809,1526,0,1,3,4,10,58,0,3,1
499,47532,2158.0,18680.73046875,1228,920,0,7,10,3,26,70,0,0,1
242,65138,47.0,48144.251953125,3170,524,0,9,6,6,32,9,1,1,1
355,59440,69.0,13763.2099609375,1791,798,0,3,36,6,13,37,0,2,1
464,458,13.0,86.3203125,40,1866,0,0,2,0,4,5,0,0,1
1088,8776,2.0,13487.4609375,1007,962,0,0,2,1,9,5,1,1,1
1536,48373,400043003.0,26695.4326171875,2010,76,0,6,8,5,28,12,1,2,1
1013,54206,2022.0,30612.669921875,1104,557,0,10,2,3,17,6,1,0,1
205,91930,525.0,36559.9609375,5075,592,0,16,15,26,27,212,1,3,1
716,44519,9.0,6712.3994140625,929,482,0,0,2,1,5,13,0,0,1
1782,14745,1000008.0,17916.7080078125,281,61,0,0,2,0,2,2,1,0,1
841,24936,62.0,8893.533203125,650,1225,0,0,2,0,13,9,1,1,1
125,55846,10454.0,33734.27734375,2107,1605,0,4,3,3,11,17,1,0,1
67,55794,413.0,7609.17578125,1333,300,0,12,2,14,56,63,1,3,1
1566,44273,2.0,4520.9013671875,505,242,0,3,2,2,12,11,0,1,1
259,85291,15.0,8021.328125,1273,459,0,19,26,22,24,43,0,2,1
372,64809,170.0,17522.5283203125,2755,828,0,5,30,5,17,63,1,1,1
1539,35664,24.0,15349.013671875,1400,1534,0,6,4,7,16,24,1,2,1
1778,620,10001076.0,1499.548828125,45,221,0,2,4,1,6,2,1,1,1
1567,24776,13.0,1664.6015625,146,1293,0,0,4,0,5,3,0,0,1
754,56075,1.0,6268.3740234375,879,1827,0,5,15,7,13,28,0,4,1
1291,13164,24.0,34628.0830078125,520,1381,0,0,4,0,7,13,0,0,1
1499,71647,43.0,5517.080078125,930,1693,0,4,5,4,6,28,0,1,1
1810,40050,2.0,4914.3115234375,392,1161,0,1,2,3,33,15,1,0,1
1152,40195,10.0,24408.291015625,678,1891,0,0,3,0,4,3,1,1,1
996,48885,408020.0,13053.2841796875,3985,1353,0,5,14,8,10,75,0,2,1
615,2187,1.0,2168.2265625,938,1119,0,3,2,0,0,3,0,0,1
969,20875,4.0,4795.337890625,780,388,0,0,2,0,1,2,0,0,1
358,51951,1.0,12617.443359375,994,902,0,0,2,0,5,14,0,1,1
335,22192,10124.0,11702.1279296875,809,795,0,5,3,3,19,34,1,0,1
1386,64588,1.0,5218.1298828125,670,1203,0,8,2,7,19,12,0,1,1
341,69570,721.0,10475.1806640625,1048,765,0,4,29,7,25,27,0,2,1
266,14619,5.0,5132.140625,293,1387,0,0,2,0,3,3,1,0,1
31,72088,145.0,24357.6123046875,2090,1259,0,8,9,50,25,55,1,1,1
1565,40829,3.0,8554.953125,491,249,0,0,2,0,4,14,1,1,1
1321,20197,102.0,29462.1357421875,993,465,0,4,2,1,5,5,1,1,1
1411,59429,3001.0,6949.1015625,1556,865,0,6,4,10,19,47,0,1,1
1463,3664,2000001.0,16920.8564453125,56,45,0,0,2,0,3,1,1,0,1
449,35860,33.0,6775.373046875,221,442,0,2,11,4,18,12,0,0,1
300,18254,3.0,2089.1357421875,493,854,0,0,2,0,2,11,0,0,1
1234,63024,20160601.0,9707.9970703125,1638,372,0,6,7,8,16,38,0,2,1
1517,21444,31001662.0,18200.482421875,1045,980,0,3,4,4,9,11,1,0,1
296,28326,3.0,2528.408203125,354,118,0,0,2,0,3,4,0,0,1
1225,59314,24.0,17692.091796875,1222,288,0,3,2,5,6,17,0,1,1
1383,34729,231000003.0,25909.833984375,262,48,0,3,3,2,12,5,1,1,1
1000,62860,6007000.0,47779.7783203125,496,34,0,3,3,2,13,16,1,1,1
373,31948,700119.0,11948.4345703125,1950,832,0,7,11,8,28,22,1,0,1
1369,43973,34.0,7441.3701171875,964,1681,0,4,9,3,11,4,1,1,1
394,44454,208.0,39143.5546875,984,880,0,3,7,3,10,24,1,1,1
1779,18761,1.0,1824.787109375,210,1407,0,1,2,0,7,13,0,1,1
1495,18376,2.0,3013.560546875,818,256,0,0,2,0,2,8,0,0,1
642,26681,44.0,9119.470703125,1189,835,0,4,7,4,16,15,1,0,1
1334,108589,9.0,16053.3642578125,2533,970,0,10,38,16,18,31,0,5,1
1338,18724,1.0,6918.373046875,261,267,0,0,2,0,7,3,1,0,1
1275,67164,117.0,7993.818359375,1193,1583,0,3,4,1,10,28,0,0,1
417,28326,2.0,2642.302734375,354,119,0,0,2,0,3,4,0,0,1
490,70587,101.0,12054.919921875,1604,1250,0,6,5,4,13,31,1,1,1
165,109167,52001005.0,36509.3310546875,4109,608,0,10,20,13,18,76,1,1,1
82,57533,2037.0,23915.1806640625,1089,344,0,4,0,6,17,31,1,1,1
941,60356,10051900.0,5064.7177734375,1046,1487,0,1,4,2,15,8,1,1,1
258,11392,78.0,2603.404296875,453,1531,0,6,4,8,24,27,0,0,1
166,74635,2017021702.0,30010.20703125,923,545,0,14,3,12,15,34,0,2,1
970,39226,2000346.0,12684.7646484375,1902,1303,0,2,2,2,10,26,0,0,1
1295,78747,25.0,23554.453125,1356,460,0,16,3,18,11,32,0,1,1
310,20417,8.0,2113.7060546875,201,838,0,0,2,0,2,3,0,0,1
975,75480,64.0,11663.6337890625,2465,362,0,6,2,7,12,20,0,2,1
808,68938,373.0,12511.4794921875,1998,1160,0,2,5,4,10,8,1,1,1
1008,68355,179.0,13729.8955078125,2622,153,0,14,8,5,14,82,1,1,1
1357,59,1.0,2210.734375,17,273,0,0,2,0,0,2,0,0,1
882,31410,6.0,22454.1181640625,279,457,0,0,2,0,5,3,0,1,1
1564,20406,1000000.0,16112.5126953125,40,9,0,0,2,0,1,2,1,0,1
1409,18270,18.0,3078.146484375,358,936,0,2,4,8,14,12,1,0,1
453,20699,4.0,34428.7373046875,141,1345,0,2,2,6,13,8,0,0,1
885,20614,2.0,2933.8798828125,420,1712,0,0,2,0,0,3,0,0,1
1497,8257,2.0,1113.06640625,138,311,0,0,2,0,5,5,0,0,1
611,72399,30.0,15056.1298828125,3360,1117,0,19,30,13,20,66,1,6,1
228,38455,2016060320.0,13439.748046875,1800,620,0,3,8,8,18,41,0,1,1
1271,38339,5.0,45494.31640625,369,1582,0,1,2,0,6,13,1,0,1
749,1112,524.0,500.822265625,61,1083,0,2,14,3,8,8,1,0,1
791,41571,47.0,35907.5908203125,582,1778,0,5,5,1,14,16,1,0,1
1021,22814,1458289239.0,12528.8046875,350,919,0,7,2,7,9,2,1,1,1
330,27994,24.0,2141.47265625,192,837,0,0,2,0,2,3,0,0,1
1569,44273,5.0,4418.9140625,505,240,0,3,2,2,12,11,0,1,1
691,20880,1.0,7752.1201171875,217,255,0,0,3,0,4,6,0,0,1
1042,10507,9.0,1340.4033203125,143,1494,0,0,2,0,3,3,0,0,1
1430,31961,1.0,2211.037109375,191,791,0,0,2,0,3,3,0,0,1
254,11340,21.0,2687.337890625,462,570,0,0,6,1,5,7,1,1,1
1552,589,1.0,2170.4794921875,231,1131,0,1,5,0,0,5,0,0,1
554,2937,35.0,326.6337890625,108,975,0,2,8,2,6,8,0,2,1
1753,28326,2.0,2602.794921875,354,127,0,0,2,0,3,4,0,0,1
498,3825,1000000.0,13712.5009765625,42,63,0,0,2,0,1,1,1,1,1
217,32162,10.0,4964.912109375,341,1227,0,1,2,1,10,12,0,0,1
1352,21647,2.0,23699.728515625,193,1080,0,1,2,0,5,6,1,0,1
1319,1479,222.0,4377.1064453125,168,313,0,0,3,0,5,1,0,0,1
664,74240,62.0,13096.61328125,1135,154,0,2,3,1,16,25,1,0,1
633,36459,1.0,2472.0380859375,394,687,0,1,2,1,7,4,0,0,1
315,59680,2000024.0,29875.255859375,698,725,0,2,2,4,11,12,1,0,1
396,31334,11.0,4003.861328125,882,1452,0,2,3,3,12,20,0,0,1
93,36585,198109.0,7796.103515625,1472,359,0,14,4,5,12,20,0,1,1
1252,11492,101.0,1681.935546875,260,1301,0,0,10,0,10,10,0,0,1
1889,71805,1902.0,9469.9609375,917,969,0,7,10,8,9,21,0,2,1
353,38765,47.0,7430.4921875,1545,1459,0,1,3,0,15,56,1,0,1
172,42524,37.0,5569.71484375,428,586,0,5,9,12,22,23,1,1,1
1769,55348,4.0,5950.189453125,248,1612,0,3,2,1,10,2,1,0,1
1616,52681,43.0,3840.3876953125,322,753,0,0,2,0,8,14,0,0,1
462,35324,70.0,3514.171875,962,642,0,1,4,0,6,13,0,2,1
431,46433,3.0,23056.400390625,201,251,0,1,2,0,7,7,1,0,1
1574,448,6.0,952.650390625,227,1124,0,0,2,0,0,3,0,0,1
1315,63024,20160601.0,12984.453125,1641,370,0,6,7,8,16,38,0,2,1
401,59192,50.0,19212.4033203125,3854,1342,0,4,7,4,10,46,0,0,1
1187,7275,35.0,2297.34375,189,98,0,0,11,0,4,6,1,0,1
994,35018,50.0,50810.6875,456,1698,0,4,2,3,7,9,1,0,1
865,34359,8.0,4462.359375,921,1155,0,4,8,4,13,40,0,1,1
1877,67836,59.0,14497.26953125,2864,1806,0,7,7,4,15,30,1,0,1
1041,12117,912275.0,1710.1064453125,453,1362,0,2,23,3,9,19,0,0,1
663,58509,3883.0,14103.5068359375,2942,1013,0,16,20,16,19,94,1,1,1
1462,18588,32.0,14011.3603515625,798,1383,0,0,6,0,5,7,0,0,1
528,31700,17.0,9476.3466796875,1491,834,0,6,6,2,8,15,0,0,1
819,18314,11.0,4107.1708984375,234,781,0,0,2,0,2,5,0,0,1
1150,63103,101.0,36010.724609375,1501,1506,0,6,11,2,13,16,1,0,1
488,55390,100.0,10941.9677734375,2889,1022,0,9,9,3,13,69,0,1,1
1765,46802,1.0,11023.0576171875,679,295,0,0,2,0,7,7,0,0,1
1110,19710,6.0,3985.6728515625,884,432,0,1,2,3,4,5,0,0,1
552,64316,353.0,4803.466796875,1300,1925,0,4,23,9,24,30,1,1,1
853,88368,137.0,27741.8349609375,1589,911,0,8,2,9,11,50,0,1,1
227,60396,1001000.0,19212.3896484375,565,16,0,0,2,0,8,3,1,0,1
543,20701,1.0,1959.224609375,167,1086,0,0,5,0,4,9,1,0,1
917,28987,1.0,2185.373046875,531,444,0,0,2,0,6,3,0,0,1
667,54511,311.0,47968.9111328125,1743,732,0,6,2,1,6,13,1,1,1
378,59690,137.0,12614.2587890625,2465,850,0,11,13,11,14,41,0,2,1
1655,14817,7002001.0,20783.248046875,288,59,0,0,2,0,3,2,1,0,1
721,17622,1.0,11930.3291015625,1557,1368,0,1,5,1,14,74,1,0,1
1609,39337,9.0,6602.0048828125,729,1479,0,4,2,4,6,11,0,1,1
1602,39429,1260.0,5104.794921875,799,1513,0,9,27,7,13,41,1,0,1
169,95965,60.0,17603.013671875,2002,564,0,9,5,9,12,25,1,1,1
1744,13865,507003.0,3039.2763671875,1394,1593,0,2,7,3,32,30,1,0,1
100,130152,76.0,21089.8662109375,2799,366,0,13,28,22,24,162,1,4,1
1346,45748,15.0,5287.2470703125,712,173,0,6,2,5,17,26,0,1,1
1288,36948,7.0,3665.615234375,526,1697,0,0,2,0,4,15,0,0,1
738,12451,4.0,963.3037109375,257,1167,0,0,2,0,8,1,0,0,1
1134,14097,3.0,1916.353515625,425,571,0,3,2,2,5,4,0,1,1
1683,61762,3002750.0,9302.3212890625,1231,540,0,4,3,2,13,3,0,1,1
1135,39078,1420029501.0,12941.3505859375,908,1329,0,11,20,14,17,78,0,8,1
1757,55695,2015020601.0,16095.201171875,1660,1469,0,27,30,24,24,45,1,1,1
725,14514,32.0,2384.1318359375,166,1110,0,2,4,1,4,4,0,0,1
247,60069,81.0,23738.1826171875,346,663,0,5,2,5,14,30,1,1,1
1123,15341,15704500.0,27753.142578125,1617,1325,0,2,6,4,10,29,1,1,1
1269,34555,7.0,6903.5751953125,510,1461,0,0,2,2,5,21,0,1,1
150,54858,444.0,6942.515625,1318,1395,0,10,52,11,17,65,0,3,1
1232,74479,23.0,17453.0810546875,2078,106,0,4,11,1,14,36,0,0,1
534,85887,421202.0,13900.3828125,1825,1238,0,15,3,8,15,20,1,1,1
1636,15363,4.0,1311.525390625,125,1089,0,0,2,0,2,2,0,0,1
1036,49788,27.0,9795.8310546875,845,495,0,7,26,6,11,27,1,2,1
471,89701,243.0,11105.0751953125,2191,230,0,4,14,7,10,29,0,2,1
238,31105,26.0,11901.572265625,645,378,0,1,2,1,14,71,1,0,1
1774,55407,5.0,6062.6669921875,288,1673,0,3,2,1,10,2,1,0,1
949,57812,4.0,8377.9072265625,737,539,0,0,2,0,8,13,0,0,1
830,21254,14.0,4333.6650390625,427,1805,0,1,2,1,11,8,0,0,1
1131,3448,1.0,173.875,10,1313,0,0,2,0,0,1,0,0,1
1018,50211,70.0,4427.65625,419,587,0,3,2,0,5,32,0,3,1
1137,32779,9.0,4619.6396484375,811,1499,0,0,2,0,15,59,0,0,1
1583,29785,5.0,2451.9228515625,335,1904,0,0,2,0,2,3,0,0,1
1494,67984,1399.0,16021.966796875,3287,1683,0,5,5,8,19,27,1,1,1
820,18770,3.0,28364.8369140625,207,1404,0,1,2,0,7,13,0,1,1
1138,51507,358.0,8775.4189453125,1133,1678,0,5,5,5,15,9,1,1,1
546,55977,40.0,9523.53125,147,867,0,0,5,0,6,11,1,0,1
215,3294,103.0,787.5771484375,133,989,0,0,10,0,9,9,0,0,1
1570,31229,3.0,2646.4228515625,601,1734,0,0,2,0,11,9,0,0,1
443,20692,14084.0,2474.7939453125,902,82,0,0,2,0,2,29,0,0,1
510,6052,2.0,1660.5361328125,611,1378,0,0,2,1,0,5,0,0,1
713,62960,4.0,26581.224609375,471,891,0,2,3,0,24,27,1,1,1
1613,63782,311101419.0,17424.330078125,1390,1797,0,10,13,18,19,73,1,3,1
581,48258,78.0,5792.232421875,1053,401,0,9,2,10,8,2,1,2,1
616,50362,244.0,8797.361328125,2085,1118,0,30,42,28,36,212,1,14,1
876,19323,6.0,2107.923828125,547,1256,0,0,2,1,6,5,0,0,1
21,42227,4.0,15305.20703125,624,1006,0,1,6,2,15,54,0,0,1
712,48693,75.0,11228.150390625,1813,488,0,10,12,5,22,32,1,0,1
1061,53976,188.0,26101.046875,1848,305,0,15,3,13,12,17,1,2,1
910,18218,1.0,5767.607421875,854,779,0,0,2,0,5,7,0,0,1
955,44136,2.0,17234.4033203125,862,749,0,0,4,1,5,14,0,0,1
992,33545,14.0,38438.828125,647,268,0,0,2,0,4,6,1,0,1
933,115518,60000015.0,29129.87890625,2258,572,0,3,8,14,20,101,0,2,1
40,38854,119.0,34699.6005859375,1524,290,0,4,13,10,10,24,1,2,1
142,59221,1030303.0,8423.9697265625,1543,492,0,8,81,15,13,47,0,1,1
285,53112,430008.0,6424.3671875,1282,707,0,6,7,6,14,14,1,2,1
1710,26236,31.0,11251.6513671875,439,714,0,0,2,1,11,9,0,0,1
727,89945,7820.0,12814.939453125,1910,1043,0,7,32,6,16,65,1,0,1
1892,61441,7.0,12386.1416015625,971,1724,0,2,4,5,16,27,0,1,1
966,20752,33.0,2854.806640625,464,1298,0,1,2,1,15,11,0,0,1
973,28096,52.0,27511.6953125,806,1307,0,0,3,1,5,7,1,1,1
1472,44269,82.0,19145.716796875,1135,236,0,4,8,3,8,16,0,1,1
1648,46503,74.0,9648.984375,1191,105,0,0,71,0,13,37,0,1,1
1277,88188,6.0,32541.552734375,1045,1815,0,8,3,8,16,25,1,3,1
1576,16778,64.0,14898.048828125,689,993,0,1,11,2,4,17,1,1,1
64,55750,16.0,17577.763671875,1653,1310,0,9,8,5,27,63,1,2,1
511,4364,2.0,4222.7919921875,1281,1340,0,1,10,8,12,14,0,0,1
1017,86620,1051.0,20292.2646484375,3254,674,0,34,21,15,18,112,1,1,1
132,55016,222651.0,14181.263671875,2994,446,0,38,8,12,60,34,1,1,1
1707,61163,82.0,9471.8671875,2079,696,0,11,20,6,23,106,0,0,1
1689,52560,1152601.0,11039.8134765625,2061,1874,0,7,11,15,22,40,1,2,1
77,47173,14.0,14339.8974609375,824,493,0,0,2,0,10,6,1,0,1
1603,53658,1001.0,7363.09765625,1059,479,0,3,2,3,15,43,0,0,1
1028,115095,222.0,23111.5869140625,5828,1696,0,31,12,38,19,68,0,2,1
232,34785,1189.0,6798.2412109375,1075,139,0,12,8,8,12,39,1,1,1
1506,48813,55.0,7355.4990234375,845,1223,0,13,8,17,24,31,1,1,1
926,12584,2.0,1456.712890625,378,1026,0,0,2,0,0,9,0,0,1
339,25420,678.0,1761.921875,94,760,0,3,7,2,6,5,0,0,1
1493,14028,92.0,7572.3583984375,675,285,0,1,8,5,5,26,1,0,1
1658,20980,1003000.0,31180.29296875,639,20,0,2,3,1,12,2,1,0,1
1396,34114,3.0,9985.9033203125,1369,1276,0,2,2,2,3,4,0,0,1
188,53311,28.0,12702.0947265625,1870,164,0,4,3,3,14,4,0,0,1
1543,58549,30023.0,49428.041015625,3334,1104,0,7,125,2,22,66,1,0,1
1631,29524,1078.0,3666.9228515625,947,925,0,5,3,6,11,11,0,2,1
472,15314,38.0,45925.4794921875,768,609,0,3,5,2,10,6,1,1,1
1432,12419,5.0,3540.603515625,241,1438,0,0,2,0,5,6,0,0,1
456,20419,16.0,2020.978515625,203,847,0,0,2,0,2,3,0,0,1
1348,42965,3.0,31638.466796875,550,886,0,3,2,0,5,10,0,0,1
1591,35872,20160602.0,14355.5517578125,169,759,0,0,2,0,6,3,1,0,1
1465,57326,101.0,12294.3984375,2942,1023,0,9,9,3,13,71,0,1,1
1189,24673,20.0,4672.3271484375,401,1448,0,0,2,2,9,25,1,0,1
1266,65111,107293.0,45940.302734375,968,1243,0,4,2,3,11,28,1,1,1
1070,14004,14.0,1604.94140625,482,1516,0,1,2,2,10,2,0,3,1
900,55592,48.0,9244.689453125,718,1686,0,1,2,2,10,42,0,0,1
844,64536,134.0,26009.5283203125,2216,353,0,6,3,6,12,23,0,2,1
110,57901,2021.0,27924.8662109375,628,556,0,10,2,2,17,6,1,0,1
1711,41183,20170207.0,7192.4912109375,1381,205,0,0,34,1,6,40,0,1,1
1336,62984,99.0,23398.6513671875,1434,193,0,4,21,3,20,15,1,0,1
1058,20011,16.0,1515.337890625,321,1482,0,3,2,1,8,6,0,0,1
382,114506,51463849.0,21216.3408203125,4750,860,0,52,55,34,35,214,1,10,1
1103,11959,2.0,1731.9775390625,157,1085,0,0,2,0,4,3,0,0,1
1124,52059,2702.0,38371.93359375,5111,1418,0,8,42,18,24,47,1,8,1
1109,42825,1523050005.0,5670.7548828125,1060,134,0,6,2,1,14,11,0,1,1
173,30822,36.0,3236.63671875,871,1158,0,4,7,5,7,13,0,0,1
1549,24147,9.0,24489.6513671875,512,1060,0,1,2,0,7,2,0,0,1
95,57618,4.0,4869.7783203125,763,1245,0,2,5,1,9,11,0,1,1
519,54154,430.0,12232.4921875,3894,926,0,3,5,1,16,144,0,2,1
103,95751,4331.0,26777.0849609375,1838,373,0,8,5,12,15,44,1,1,1
525,50606,13.0,8619.6142578125,1183,513,0,3,2,3,9,55,0,0,1
1207,21162,113.0,19260.408203125,528,750,0,1,2,0,16,2,1,1,1
118,44069,157.0,11359.7939453125,1477,1235,0,4,5,2,9,40,1,0,1
429,33709,10.0,43814.1162109375,1486,341,0,5,7,4,27,16,1,0,1
720,13923,1.0,1013.11328125,260,1008,0,0,2,0,1,2,0,0,1
752,18861,11.0,7250.12890625,534,612,0,1,2,1,9,4,1,0,1
1568,24838,3.0,3769.5380859375,339,473,0,0,4,0,5,4,0,1,1
930,29492,1.0,5297.75,467,1450,0,0,4,0,5,3,1,0,1
1618,20729,3.0,41557.8740234375,520,287,0,0,8,0,6,5,0,1,1
978,38535,56.0,3947.3720703125,964,438,0,2,2,2,2,16,0,0,1
412,20206,6.0,24684.7119140625,1331,1823,0,3,2,3,7,10,1,1,1
1419,50651,52.0,13512.669921875,1608,214,0,0,5,0,15,17,1,1,1
209,8380,3.0,492.3203125,45,1311,0,0,2,0,0,4,0,0,1
233,36588,575.0,13213.4169921875,1232,624,0,8,5,8,13,19,0,2,1
893,13567,2.0,3938.6728515625,149,1429,0,3,2,3,12,3,0,0,1
504,20417,8.0,2045.3857421875,201,839,0,0,2,0,2,3,0,0,1
736,15228,1.0,4151.826171875,217,770,0,2,4,2,2,2,0,0,1
685,29561,3.0,2615.7919921875,483,1584,0,0,2,1,4,4,1,0,1
271,44609,5.0,15696.7294921875,586,170,0,3,2,2,4,5,1,1,1
1072,58686,1110518.0,31199.2109375,3532,995,0,12,22,4,18,142,1,1,1
364,63046,174.0,27071.33203125,2817,808,0,6,3,4,9,85,1,2,1
1796,31628,4.0,3708.287109375,814,764,0,0,5,0,7,13,0,0,1
1040,61058,1.0,4657.931640625,687,269,0,0,3,0,4,8,0,1,1
50,62610,4420.0,5314.2880859375,810,1859,0,7,8,2,14,28,0,0,1
1492,90218,58.0,11337.4951171875,1439,1680,0,4,2,6,18,51,0,0,1
1324,2332,29.0,2316.2978515625,271,1069,0,0,2,0,6,24,0,0,1
1797,45101,2.0,3008.7431640625,522,508,0,0,2,0,2,16,0,0,1
972,9717,10.0,2724.189453125,520,1306,0,0,2,0,5,9,0,0,1
878,18199,42.0,2248.46484375,378,1285,0,0,4,0,11,16,0,0,1
421,54167,55.0,15189.0302734375,2813,887,0,3,3,4,23,52,0,2,1
1381,5616,1.0,2897.9306640625,27,1370,0,0,18,0,1,9,0,0,1
583,83921,5921.0,25825.853515625,1967,112,0,6,2,32,10,37,0,2,1
1345,64248,231.0,8314.0625,787,727,0,3,7,7,5,97,0,1,1
578,72713,38.0,4993.3095703125,559,1312,0,0,2,1,8,10,0,0,1
1202,33520,34.0,2632.6669921875,471,1671,0,2,2,2,7,5,0,1,1
1330,42219,460.0,4776.603515625,503,927,0,1,5,2,6,4,0,0,1
646,620,10001079.0,1255.166015625,45,218,0,2,4,1,6,2,1,1,1
789,48080,46.0,5808.57421875,1647,1088,0,8,19,7,10,69,0,0,1
1762,24817,175.0,7024.82421875,1106,1495,0,34,16,17,38,70,0,7,1
769,18761,1.0,2177.28515625,205,1402,0,1,2,0,7,13,0,1,1
996,33017,400010.0,7766.5693359375,1557,1353,0,4,14,7,10,74,0,2,1
1640,64074,28.0,6335.0234375,881,1772,0,2,22,4,18,30,0,6,1
997,73490,110.0,6963.1318359375,863,1357,0,8,11,6,29,86,1,1,1
1562,47814,6.0,8275.3759765625,573,515,0,0,2,0,9,5,0,0,1
1097,56737,197.0,28554.69140625,1396,1704,0,7,7,3,11,55,1,2,1
668,32666,1.0,2495.390625,432,245,0,0,3,0,3,5,0,0,1
1763,15678,12000046.0,3620.076171875,541,1862,0,0,2,0,5,4,1,0,1
315,60541,2060701.0,40956.8203125,1326,725,0,5,5,6,11,18,1,0,1
575,60410,26.0,9277.8349609375,389,635,0,3,2,0,4,12,1,0,1
1337,52196,607.0,8853.63671875,1803,1727,0,3,9,6,26,102,1,7,1
989,23495,6.0,27985.640625,1717,1348,0,0,2,0,3,19,0,0,1
160,3832,4000000.0,15680.46484375,91,23,0,0,3,0,4,1,1,0,1
459,22375,101111.0,42384.0244140625,1916,1335,0,3,3,4,9,2,1,1,1
1443,3451,10108.0,2950.1513671875,86,876,0,3,2,0,5,1,1,0,1
128,39853,4.0,5434.0146484375,202,490,0,0,2,0,8,6,0,0,1
995,39576,14.0,3087.6728515625,540,1240,0,4,4,5,12,9,0,1,1
700,21022,1.0,10087.5830078125,177,1072,0,0,2,0,8,8,0,0,1
288,17900,1.0,11789.7177734375,370,246,0,1,2,2,13,8,1,0,1
115,33476,36.0,16554.439453125,1262,1077,0,8,5,3,14,6,1,0,1
1474,64151,10300.0,9744.1142578125,1305,306,0,3,8,2,16,64,0,0,1
1154,4510,27.0,1912.8955078125,87,1190,0,3,2,0,3,12,0,0,1
1771,62272,1004008.0,20445.01953125,822,37,0,0,2,0,7,2,1,0,1
701,44273,2.0,4467.5068359375,505,241,0,3,2,2,12,11,0,1,1
96,59300,36.0,6156.9521484375,874,360,0,7,5,10,10,40,0,2,1
1055,26162,14.0,2946.2998046875,145,1186,0,1,2,1,7,3,0,0,1
1654,36007,1.0,13821.40234375,626,384,0,1,2,1,2,5,0,1,1
786,43223,2.0,6502.9326171875,783,1004,0,5,3,18,9,14,1,4,1
127,30686,2.0,28919.7421875,1920,1792,0,1,2,0,4,6,0,0,1
1527,57861,2004000.0,22332.314453125,596,15,0,1,2,1,3,3,1,0,1
902,35618,7.0,11163.869140625,1290,348,0,4,12,3,9,22,1,1,1
575,55212,30501.0,10520.5703125,602,634,0,2,2,0,5,16,1,1,1
669,43987,1.0,4068.443359375,508,84,0,1,2,1,2,11,0,0,1
556,41241,608.0,10296.802734375,1381,1793,0,2,3,3,10,4,0,1,1
189,16631,13.0,2558.515625,527,96,0,0,2,0,7,1,0,0,1
1102,42226,1.0,15152.98046875,622,1005,0,1,6,2,16,54,0,0,1
801,24569,1457341234.0,30624.61328125,1436,1257,0,0,2,0,5,1,1,0,1
69,14745,1000003.0,16580.9384765625,281,62,0,0,2,0,4,2,1,0,1
1686,13422,5.0,1831.1787109375,238,1135,0,3,2,2,26,8,1,1,1
243,89976,3941.0,11868.216796875,1576,502,0,8,7,8,16,27,1,3,1
197,108562,3045.0,30286.2080078125,1793,662,0,6,21,5,11,52,1,0,1
1714,55373,4.0,5949.7412109375,248,822,0,3,2,1,10,2,1,0,1
589,20011,61.0,3888.0712890625,613,1437,0,2,4,3,4,13,0,1,1
985,21083,6.0,11465.791015625,425,1341,0,0,2,1,4,4,1,0,1
1425,56244,50.0,7940.283203125,2678,275,0,7,1086,6,17,586,0,1,1
979,21713,494.0,13927.1162109375,449,1316,0,4,18,4,24,15,1,1,1
1442,28326,2.0,2567.873046875,354,125,0,0,2,0,3,4,0,0,1
1740,33183,13.0,22417.130859375,3447,452,0,5,8,3,12,17,1,0,1
1590,37713,20160608.0,14380.8125,724,1616,0,7,2,3,8,9,1,2,1
1281,13158,123.0,4295.06640625,481,1863,0,2,2,2,17,2,0,0,1
1111,13626,9.0,6473.244140625,527,474,0,4,7,2,20,18,1,2,1
1664,10226,1.0,3996.46484375,432,1102,0,0,2,0,2,12,0,0,1
936,8,83.0,5781.9404296875,30,1474,0,0,0,0,0,0,1,0,1
1198,3077,1431.0,1391.3447265625,909,115,0,0,2,0,0,1,0,0,1
204,52836,1003002.0,45133.9560546875,973,24,0,0,2,0,4,7,1,0,1
1801,29664,19.0,4739.984375,331,198,0,5,4,5,8,8,0,1,1
126,51191,90.0,26434.333984375,79,277,0,1,2,0,7,6,1,0,1
747,45798,105.0,4960.826171875,1338,1555,0,6,2,8,11,11,0,1,1
1119,1793,3.0,2217.705078125,210,706,0,1,2,1,7,4,0,0,1
1391,61429,26.0,33962.193359375,761,303,0,2,2,0,5,15,1,1,1
1560,5895,4028001.0,29102.03515625,112,56,0,1,2,0,5,2,1,0,1
570,1465,11.0,214.2216796875,73,1505,0,0,2,0,3,8,0,0,1
732,141,2.0,21.6435546875,9,1339,0,0,2,0,0,1,0,0,1
1516,42671,72.0,10499.7451171875,1269,708,0,4,2,7,22,13,0,0,1
897,589,1.0,1596.908203125,229,1132,0,1,5,0,0,5,0,0,1
1891,21156,2013000.0,41141.9326171875,67,74,0,0,2,0,6,3,1,0,1
683,13391,11020202.0,1121.123046875,194,1141,0,0,2,0,10,5,0,0,1
348,31751,170.0,4001.5048828125,828,768,0,1,6,0,7,15,0,0,1
1223,14817,5001002.0,24431.9208984375,288,71,0,0,2,0,3,2,1,0,1
1263,30327,1.0,7159.283203125,472,258,0,0,2,0,9,6,1,0,1
1726,620,10001078.0,1779.5107421875,45,217,0,2,4,1,6,2,1,1,1
657,38671,45.0,2741.06640625,375,1002,0,0,6,1,4,12,1,0,1
1682,55211,1318364.0,16991.2919921875,3533,1808,0,20,10,18,22,49,1,5,1
1783,133581,17.0,28195.9853515625,1812,1343,0,3,5,4,23,58,1,2,1
290,57019,3100.0,5951.197265625,857,738,0,1,5,0,5,27,0,1,1
1578,12671,18.0,1089.02734375,367,1147,0,0,2,0,1,5,0,0,1
360,64289,107103.0,10336.3349609375,2042,805,0,7,5,20,17,9,0,3,1
277,50669,29.0,3861.5478515625,650,1480,0,0,2,0,7,17,0,0,1
297,33512,20020254.0,3737.42578125,468,875,0,7,6,4,34,23,1,3,1
124,135866,471.0,17406.0126953125,2834,439,0,18,13,22,18,94,1,4,1
1622,34610,79.0,6752.2568359375,911,1389,0,4,2,0,9,8,0,1,1
1633,38507,25.0,15723.42578125,766,1766,0,0,3,0,8,49,0,0,1
1545,29561,1.0,3259.9140625,483,1732,0,0,2,1,4,4,1,0,1
1735,59554,100.0,11715.15625,2539,145,0,5,7,3,14,48,1,1,1
1350,18196,4.0,3381.0029296875,807,1375,0,0,2,0,2,4,0,0,1
957,53245,161.0,12119.2197265625,2103,1292,0,11,5,13,12,58,0,0,1
8,44876,56.0,10211.201171875,1593,337,0,3,6,4,8,26,0,2,1
1221,20306,4.0,18884.7978515625,1270,1470,0,1,2,0,5,14,0,0,1
1764,59446,18.0,19051.125,2229,1860,0,4,2,3,19,14,1,2,1
1748,18761,1.0,2062.412109375,205,1403,0,1,2,0,7,13,0,1,1
1684,61793,3003650.0,9211.2939453125,1227,541,0,4,3,2,13,3,0,1,1
1675,53620,150121000.0,24641.0517578125,1505,1331,0,3,3,0,9,1,1,0,1
939,8,83.0,5707.78515625,31,1476,0,0,0,0,0,0,1,0,1
1615,63668,62.0,13938.0830078125,1337,1754,0,6,9,8,24,40,1,1,1
920,36384,2.0,2437.771484375,391,1336,0,0,2,0,4,4,0,0,1
958,19518,6.0,13434.21484375,239,1297,0,2,5,3,13,6,1,0,1
1278,53475,31.0,15504.7509765625,690,1608,0,1,2,0,5,22,1,1,1
554,55784,1330602521.0,10108.41015625,2716,1807,0,8,11,6,16,33,1,3,1
176,35922,952.0,8468.591796875,798,575,0,13,8,7,14,9,0,0,1
1788,43929,3.0,4629.091796875,745,1454,0,1,3,1,10,5,0,0,1
240,56142,36.0,46809.8564453125,676,88,0,1,2,1,6,5,0,1,1
452,81287,117.0,25044.7890625,931,160,0,11,6,5,8,25,1,1,1
179,62004,50.0,12649.1357421875,676,577,0,3,53,2,17,32,1,1,1
1063,5396,1556205.0,820.6396484375,192,1393,0,0,2,0,9,5,0,0,1
1661,1453,9.0,1037.736328125,35,395,0,0,2,0,3,2,0,0,1
1118,47802,3.0,6268.4892578125,859,1561,0,2,2,1,11,19,0,0,1
1343,59350,45.0,38617.236328125,499,1784,0,2,2,3,8,11,1,2,1
1378,26711,2.0,12968.716796875,311,885,0,0,2,0,2,11,0,0,1
332,28914,10190040.0,48463.189453125,2893,1224,0,4,5,4,10,3,1,2,1
1167,28999,4.0,4249.6201171875,177,1140,0,1,2,1,8,5,0,0,1
148,58461,15576.0,24687.3193359375,740,494,0,1,2,1,6,16,1,0,1
400,48324,203.0,16511.0224609375,1778,215,0,2,0,2,14,43,1,0,1
1493,14028,93.0,7572.2392578125,675,285,0,1,8,5,5,26,1,0,1
482,56200,13.0,20231.517578125,860,1669,0,0,2,0,6,21,1,1,1
1176,30806,23.0,2281.046875,239,811,0,0,2,0,6,8,1,0,1
1009,55321,27.0,4339.189453125,623,1421,0,3,3,3,13,17,0,0,1
56,20573,2.0,1977.3818359375,344,142,0,0,2,0,2,3,0,0,1
1146,30795,431.0,9664.697265625,1943,741,0,12,24,12,9,51,1,1,1
601,448,2.0,2012.083984375,222,1121,0,0,2,0,0,3,0,0,1
587,22999,103.0,11635.373046875,384,652,0,4,2,1,4,6,1,1,1
659,56923,2599.0,12164.4736328125,1083,1010,0,7,19,3,15,43,1,0,1
206,15274,4000000.0,25893.3505859375,309,65,0,2,2,1,5,2,1,0,1
1857,148,80.0,380.3232421875,28,1029,0,2,2,1,7,1,0,0,2
1323,203,1.0,39.3134765625,9,1853,0,4,5,2,17,5,0,0,2
1081,2158,1.0,114.6005859375,15,955,0,2,2,2,15,2,0,0,2
1201,1352,1.0,1225.25,1012,1884,0,5,2,1,11,6,0,0,2
1866,3421,1.0,1031.6943359375,30,1581,0,1,2,1,7,1,0,0,2
74,4790,1.0,1159.3330078125,1032,1884,0,5,2,1,11,6,0,0,2
1672,317,1.0,1050.25,70,1875,0,3,2,1,14,2,0,0,2
74,1962,1.0,196.2314453125,42,1279,0,3,2,2,12,3,0,0,2
1830,19459,2.0,1949.91796875,340,411,0,0,2,0,14,1,1,0,2
1864,86,1.0,1082.0078125,15,720,0,2,2,1,3,1,0,0,2
1806,86,1.0,1081.7041015625,15,720,0,2,2,1,3,1,0,0,2
1886,256,1.0,725.6904296875,25,403,0,0,2,0,7,3,0,0,2
1214,127,1.0,3376.787109375,32,1610,0,2,2,1,5,1,0,0,2
1249,183,80.0,421.4873046875,26,1647,0,2,2,1,8,1,0,0,2
1811,144,1.0,932.603515625,10,889,0,1,2,0,0,1,1,0,2
1213,505,1.0,872.345703125,97,1897,0,3,2,2,29,4,0,0,2
292,144,1.0,1043.2802734375,10,889,0,1,2,0,0,1,1,0,2
1322,3056,1.0,164.630859375,8,1899,0,5,5,2,18,5,0,0,2
1673,1064,10000.0,142.9287109375,9,410,0,2,0,1,19,2,0,0,2
1792,10791,1.0,453.87109375,7,407,0,1,2,2,11,1,0,0,2
74,1962,1.0,207.76953125,42,1817,0,3,2,2,12,3,0,0,2
123,116,1.0,780.357421875,19,1148,0,1,2,1,2,1,0,0,2
1554,2158,1.0,108.853515625,15,1556,0,2,2,2,15,2,0,0,2
1787,15046,14022.0,1706.1123046875,411,625,0,8,2,4,24,7,0,0,2
1840,6353,1.0,1028.8828125,11,1821,0,1,2,0,1,1,0,0,2
1082,2158,1.0,114.60546875,15,686,0,2,2,2,15,2,0,0,2
1210,378,1.0,667.6650390625,76,1933,0,2,2,1,16,2,0,0,2
1323,209,1.0,39.6376953125,9,1825,0,4,5,2,17,5,0,0,2
1841,183,80.0,421.49609375,26,1647,0,2,2,1,8,1,0,0,2
1210,637,1.0,674.69921875,75,169,0,2,2,1,16,2,0,0,2
1247,83,4.0,2977.1650390625,11,1036,0,0,2,0,1,1,1,0,2
1212,310,1.0,681.5068359375,39,250,0,3,2,1,16,3,0,0,2
1248,5475,1.0,1166.2763671875,17,1660,0,1,2,0,1,1,0,0,2
1213,505,1.0,872.3876953125,97,1852,0,3,2,2,29,4,0,0,2
1210,391,1.0,667.6650390625,75,172,0,2,2,1,16,2,0,0,2
1212,314,1.0,1046.5966796875,71,137,0,3,2,1,14,2,0,0,2
351,2158,1.0,116.1904296875,15,1809,0,2,2,2,15,2,0,0,2
531,144,1.0,1410.421875,10,889,0,1,2,0,0,1,1,0,2
74,4003,13.0,1845.82421875,220,319,0,7,2,6,28,9,0,0,2
1856,19459,2.0,1998.234375,340,411,0,0,2,0,14,1,1,0,2
1607,83,1.0,2988.6982421875,11,1035,0,0,2,0,1,1,1,0,2
1323,203,1.0,39.4150390625,9,1840,0,4,5,2,17,5,0,0,2
1210,391,1.0,667.6494140625,75,1835,0,2,2,1,16,2,0,0,2
1210,396,1.0,667.0078125,75,128,0,2,2,1,16,2,0,0,2
10,3017,1.0,140.9052734375,17,991,0,2,2,2,15,2,0,0,2
1817,256,1.0,1642.515625,26,403,0,0,2,0,7,3,0,0,2
529,9697,1.0,453.529296875,13,931,0,2,2,2,2,2,0,0,2
22,3017,1.0,140.7685546875,17,916,0,2,2,2,15,2,0,0,2
1212,275,1.0,676.6943359375,39,695,0,3,2,1,14,2,0,0,2
1856,19459,2.0,1986.734375,340,411,0,0,2,0,14,1,1,0,2
1672,317,1.0,1050.2333984375,70,1851,0,3,2,1,14,2,0,0,2
1863,158,80.0,312.8056640625,29,1029,0,2,2,1,7,1,0,0,2
268,373,13.0,112.7666015625,70,1728,0,6,2,2,32,3,0,0,2
1826,19459,2.0,1867.4296875,340,411,0,0,2,0,14,1,1,0,2
1702,3017,1.0,140.861328125,17,898,0,2,2,2,15,2,0,0,2
1212,1047,10000.0,57.19921875,8,413,0,2,2,1,15,1,0,0,2
1855,19459,2.0,1897.18359375,340,411,0,0,2,0,14,1,1,0,2
75,4784,6.0,1359.5,1011,1884,0,5,2,1,11,6,0,0,2
1210,391,1.0,667.6533203125,75,1916,0,2,2,1,16,2,0,0,2
1770,2158,1.0,116.9375,15,1634,0,2,2,2,15,2,0,0,2
1792,5583,1.0,586.240234375,291,1715,0,6,2,1,14,2,0,0,2
1713,144,1.0,2289.37109375,10,889,0,1,2,0,0,1,1,0,2
1579,15527,1.0,1147.9931640625,98,419,0,3,2,9,9,5,0,0,2
1860,19459,2.0,1922.2109375,340,411,0,0,2,0,14,1,1,0,2
1883,249,80.0,291.94921875,25,852,0,2,2,1,6,1,0,0,2
1865,133,1.0,437.19140625,18,1932,0,1,2,1,8,1,0,0,2
1213,505,1.0,872.3408203125,97,1905,0,3,2,2,29,4,0,0,2
1251,232,1.0,108.2216796875,12,1782,0,1,2,0,8,1,1,0,2
74,4790,1.0,1359.521484375,1011,1884,0,5,2,1,11,6,0,0,2
1880,183,80.0,421.5361328125,26,1647,0,2,2,1,8,1,0,0,2
16,183,80.0,115.7412109375,26,1647,0,2,2,1,8,1,0,0,2
1856,19473,2.0,1987.2275390625,340,411,0,0,4,0,14,2,1,0,2
1083,2321,1.0,119.8408203125,15,1630,0,2,2,2,15,2,0,0,2
1323,203,1.0,39.3173828125,9,1906,0,4,5,2,17,5,0,0,2
1213,505,1.0,872.3525390625,97,114,0,3,2,2,29,4,0,0,2
1213,505,1.0,872.408203125,97,1842,0,3,2,2,29,4,0,0,2
1813,19453,2.0,11964.7412109375,341,411,0,0,2,0,14,1,1,0,2
74,5683,1.0,731.8251953125,104,318,0,5,2,6,18,4,0,0,2
1323,203,1.0,39.2587890625,9,1920,0,4,5,2,17,5,0,0,2
1747,139,1.0,112.29296875,18,1366,0,5,2,5,23,12,0,0,2
1323,241,1.0,38.7431640625,9,1841,0,4,5,2,17,5,0,0,2
1702,3017,1.0,140.861328125,17,898,0,2,2,2,15,2,0,0,2
1212,315,1.0,1049.173828125,71,1868,0,3,2,1,14,2,0,0,2
1887,122,1.0,11931.4052734375,48,1894,0,1,2,1,3,1,0,0,2
5,39173,65.0,26420.4951171875,985,1626,0,10,10,11,27,91,1,0,3
1869,3812,1.0,334.05078125,22,1648,0,4,3,2,21,3,0,0,3
1329,5079,13.0,874.91015625,213,1619,0,4,5,3,11,24,0,0,3
375,66419,1018.0,7162.1845703125,875,1543,0,9,5,13,40,24,1,1,3
1329,5079,13.0,950.4912109375,213,1619,0,4,5,3,11,24,0,0,3
1784,8887,11.0,7220.064453125,414,1816,0,9,2,4,12,43,1,0,3
76,4340,5.0,275.5361328125,15,1572,0,1,0,1,30,1,0,0,3
249,26234,56.0,3384.5654296875,18,1915,0,5,2,3,11,5,0,0,3
1792,1108,30.0,276.439453125,32,895,0,4,2,7,29,5,0,0,3
156,39264,1.0,2642.892578125,429,1828,0,3,2,1,5,2,0,0,3
159,17039,1.0,1343.44921875,426,1565,0,0,2,0,0,1,0,0,3
1452,66419,1018.0,6755.84765625,875,1552,0,9,5,13,40,24,1,1,3
566,126869,1074.0,32088.505859375,4654,1802,0,31,14,39,79,100,1,4,3
560,66416,1017.0,7248.896484375,875,1545,0,9,5,13,40,24,1,1,3
1582,4830,3.0,2834.654296875,16,1887,0,0,4,1,11,5,1,0,3
1835,2485,36.0,155.841796875,25,1885,0,0,2,0,5,3,0,0,3
1876,35201,139.0,2442.1533203125,169,1879,0,2,2,2,20,15,1,0,3
1173,3730,4.0,510.73046875,29,222,0,0,2,0,9,4,1,0,3
1807,21084,21.0,8176.798828125,480,964,0,15,3,18,33,7,1,0,3
1329,5079,13.0,873.5087890625,213,1619,0,4,5,3,11,24,0,0,3
1577,39264,1.0,2619.96484375,429,585,0,3,2,1,5,2,0,0,3
1329,5079,13.0,877.3486328125,213,1619,0,4,5,3,11,24,0,0,3
1399,44307,16.0,30976.0380859375,432,1861,0,8,2,0,16,14,1,0,3
1329,5079,13.0,881.546875,213,281,0,4,5,3,11,24,0,0,3
1875,34040,60.0,2358.5400390625,169,1929,0,2,2,2,20,15,1,0,3
1264,918,1.0,132.470703125,12,929,0,1,2,1,18,1,0,0,3
1821,23417,6.0,3762.55078125,1021,1810,0,3,7,4,12,38,0,0,3
1874,30914,66.0,3562.9892578125,790,987,0,2,2,4,22,19,1,0,3
1173,1566,29.0,140.9716796875,26,1885,0,0,2,0,5,3,0,0,3
1807,22932,47.0,8011.0732421875,311,253,0,10,2,14,31,11,1,0,3
1738,62866,128.0,12903.572265625,2104,884,0,15,21,12,30,57,1,2,3
1793,1108,30.0,273.947265625,32,647,0,4,2,7,29,5,0,0,3
72,17039,1.0,1351.0703125,426,1870,0,0,2,0,0,1,0,0,3
1184,5196,3.0,3370.2646484375,54,1892,0,1,2,1,12,5,0,0,3
889,5454,19.0,9123.7763671875,626,342,0,5,2,2,16,33,0,0,3
1831,3812,1.0,327.9775390625,22,1648,0,4,3,2,21,3,0,0,3
852,39264,1.0,2637.884765625,429,1914,0,3,2,1,5,2,0,0,3
1725,66419,1018.0,6774.6865234375,875,1546,0,9,5,13,40,24,1,1,3
1836,3812,1.0,344.0224609375,22,1648,0,4,3,2,21,3,0,0,3
1329,5079,13.0,874.91015625,213,1619,0,4,5,3,11,24,0,0,3
537,17039,1.0,1366.458984375,426,1578,0,0,2,0,0,1,0,0,3
1183,48026,22.0,26831.951171875,1638,1893,0,4,3,2,11,16,0,0,3
17,14582,1066.0,10183.28125,617,1051,0,18,8,43,30,27,1,0,3
102,119,1.0,5042.8193359375,21,1818,0,0,2,0,2,1,0,0,3
1173,1682,36.0,117.9140625,25,1885,0,0,2,0,5,3,0,0,3
1450,39264,1.0,2651.9990234375,427,1896,0,3,2,1,5,2,0,0,3
1329,5079,13.0,883.412109375,213,1619,0,4,5,3,11,24,0,0,3
1639,119,1.0,43.83203125,17,1770,0,0,2,0,6,1,0,0,3
1792,1108,30.0,283.1513671875,32,1352,0,4,2,7,29,5,0,0,3
1173,1085,36.0,95.853515625,26,1885,0,0,2,0,5,3,0,0,3
219,1153,1.0,477.7568359375,87,611,0,6,2,2,15,7,0,0,3
1329,5079,13.0,874.91015625,213,1619,0,4,5,3,11,24,0,0,3
1873,31436,2100.0,2477.7001953125,42,1812,0,18,6,28,25,11,1,2,3
1870,31436,2100.0,2464.3642578125,42,1812,0,18,6,28,25,11,1,2,3
1824,31436,2100.0,2443.5791015625,42,1812,0,18,6,28,25,11,1,2,3
1792,1108,30.0,546.2216796875,32,560,0,4,2,7,29,5,0,0,3
956,39264,1.0,2687.41015625,429,1829,0,3,2,1,5,2,0,0,3
246,1240,9.0,584.4609375,125,1645,0,1,2,4,18,7,1,0,3
608,66419,1018.0,6903.109375,875,1547,0,9,5,13,40,24,1,1,3
1807,20844,511.0,7472.484375,289,238,0,6,4,10,32,11,1,0,3
1144,51723,94.0,4613.54296875,414,1568,0,6,3,7,23,16,1,1,3
1872,11,1.0,187.9658203125,13,1889,0,4,2,2,6,1,1,0,3
647,11851,1.0,1597.921875,18,1743,0,3,2,4,12,6,0,0,3
567,126525,10128.0,32504.650390625,4625,914,0,31,14,38,79,98,1,4,3
1356,1108,30.0,1084.3876953125,32,959,0,4,2,7,29,5,0,0,3
1845,6749,89.0,1261.107421875,294,226,0,2,20,2,14,33,0,0,3
1792,1108,30.0,268.130859375,32,665,0,4,2,7,29,5,0,0,3
567,126904,10124.0,32484.91796875,4619,914,0,31,14,38,79,98,1,4,3
1327,102637,86.0,9790.6689453125,1837,1864,0,31,5,39,87,95,1,2,3
1479,13516,7.0,45500.0517578125,1525,1620,0,0,2,0,3,1,0,0,3
540,12408,1.0,1110.349609375,210,1883,0,0,2,3,39,5,0,0,3
500,39582,131121.0,5937.623046875,447,480,0,1,2,1,12,5,0,0,3
1121,119,1.0,49183.8017578125,110,1567,0,0,2,0,5,1,0,0,3
1876,24260,115.0,2155.12890625,171,1935,0,2,2,2,20,15,1,0,3
1804,31436,2100.0,2447.0341796875,42,1812,0,18,6,28,25,11,1,2,3
1842,749,3.0,7929.1767578125,495,354,0,2,2,5,13,5,1,0,3
1792,1108,30.0,284.0205078125,32,1738,0,4,2,7,29,5,0,0,3
778,50624,16000.0,4539.3857421875,113,728,0,7,2,5,18,11,1,0,3
1876,26739,131.0,2283.908203125,171,1839,0,2,2,2,20,15,1,0,3
1695,1108,30.0,1175.0087890625,32,960,0,4,2,7,29,5,0,0,3
185,8166,1.0,11532.2841796875,739,582,0,0,2,0,16,5,0,0,3
891,66419,1018.0,6860.828125,875,1549,0,9,5,13,40,24,1,1,3
1897,1130,1.0,479.353515625,24,408,0,6,4,7,33,2,0,0,3
1173,1579,29.0,118.330078125,25,1885,0,0,2,0,5,3,0,0,3
1141,186,1.0,35.5966796875,20,1878,0,0,2,0,3,2,0,0,4
245,2249,1.0,267.2509765625,12,404,0,1,2,0,7,1,0,0,4
1803,1914,1.0,1056.10546875,237,418,0,0,2,1,12,3,0,0,4
1209,7926,3.0,2830.11328125,26,1174,0,4,2,3,22,3,0,0,4
828,130,1.0,21.6708984375,10,447,0,1,2,1,31,1,0,0,4
120,177,1.0,203.2900390625,13,412,0,1,2,1,32,1,0,0,4
1798,41000,82.0,31069.3671875,1163,1623,0,5,6,8,26,6,1,3,4
807,61,1.0,24.9541015625,11,1,0,0,2,0,21,1,0,0,4
1140,75,1.0,123.8291015625,12,1877,0,0,2,0,21,1,0,0,4
1833,37032,130.0,22999.5078125,714,1625,0,2,5,7,28,8,1,0,4
120,155,1.0,200.7158203125,13,409,0,1,2,1,32,1,0,0,4
245,2470,1.0,242.685546875,12,1813,0,1,2,0,7,1,0,0,4
827,63,1.0,17.9482421875,15,447,0,1,2,0,30,1,0,0,4
236,4535,22.0,445.6279296875,128,638,0,0,2,0,3,22,0,0,4
1792,301,1.0,103.7861328125,21,5,0,2,3,1,7,2,0,0,4
1792,301,1.0,99.0546875,19,5,0,2,3,1,7,2,0,0,4
781,116,1.0,93.404296875,31,2,0,0,2,0,2,1,0,0,4
745,57,1.0,21.771484375,11,1850,0,0,2,0,21,1,0,0,4
1868,968,5.0,120.82421875,25,930,0,6,2,1,24,10,0,0,4
1679,1146,1.0,93.71484375,12,596,0,1,2,1,20,1,0,0,4
1706,23197,7118.0,4602.2421875,1036,573,0,1,2,1,50,8,0,0,4
1871,2625,2.0,1690.4794921875,327,415,0,3,2,1,9,2,0,0,4
120,155,1.0,201.751953125,13,409,0,1,2,1,32,1,0,0,4
1179,2156,133.0,142.14453125,17,335,0,1,2,1,17,2,0,0,4
1354,11353,7.0,1305.5234375,613,1281,0,4,2,2,10,7,0,0,4
245,2470,1.0,241.970703125,12,404,0,1,2,0,7,1,0,0,4
120,168,1.0,202.978515625,13,409,0,1,2,1,32,1,0,0,4
1822,867,1000.0,559.0810546875,38,1047,0,1,2,3,8,4,0,0,4
1822,868,1000.0,559.642578125,38,1047,0,1,2,3,8,4,0,0,4
245,2470,1.0,242.9169921875,12,404,0,1,2,0,7,1,0,0,4
1822,731,1000.0,553.5068359375,38,1047,0,1,2,3,8,4,0,0,4
236,4536,22.0,371.123046875,117,638,0,0,2,0,3,22,0,0,4
1882,53847,6008260.0,10911.3681640625,1931,1628,0,8,9,13,55,45,1,1,4
1487,6182,2.0,735.61328125,42,629,0,0,2,1,30,3,0,0,4
1380,75,1.0,119.9716796875,12,135,0,0,2,0,21,1,0,0,4
1679,1078,1.0,88.646484375,12,597,0,1,2,1,20,1,0,0,4
245,4002,1.0,263.2607421875,12,404,0,1,2,0,7,1,0,0,4
245,4002,1.0,263.265625,12,404,0,1,2,0,7,1,0,0,4
1739,1407,1.0,360.28515625,19,272,0,2,2,0,5,2,0,0,4
1792,301,1.0,93.21875,21,5,0,2,3,1,7,2,0,0,4
1679,1124,1.0,92.5048828125,12,596,0,1,2,1,20,1,0,0,4
1355,147,1.0,123.953125,17,6,0,0,2,0,2,1,0,0,4
1792,231,1.0,75.287109375,19,5,0,2,3,1,7,2,0,0,4
744,9180,1.0,2146.28125,162,615,0,1,2,2,26,21,0,0,4
54,61,1.0,19.068359375,11,1,0,0,2,0,21,1,0,0,4
1181,4083,149.0,249.75390625,22,335,0,4,2,1,17,2,0,0,4
1882,57967,6008280.0,11623.6669921875,1943,1628,0,8,9,13,55,46,1,1,4
236,4535,22.0,445.39453125,128,638,0,0,2,0,3,22,0,0,4
221,1203,1.0,606.21875,76,944,0,1,2,1,21,1,1,0,4
1044,8174,1.0,375.53125,10,21,0,0,2,0,5,1,0,0,4
1822,874,1000.0,563.1474609375,38,1047,0,1,2,3,8,4,0,0,4
1690,8178,1.0,360.5654296875,10,906,0,0,2,0,5,1,0,0,4
120,177,1.0,203.26953125,13,405,0,1,2,1,32,1,0,0,4
236,4581,22.0,394.16796875,117,638,0,0,2,0,3,22,0,0,4
1792,301,1.0,108.060546875,19,5,0,2,3,1,7,2,0,0,4
1882,49325,6007891.0,9936.552734375,1503,1628,0,3,11,10,39,41,1,0,4
1190,8178,1.0,745.4541015625,14,1667,0,0,2,0,5,1,0,0,4
281,8984,4.0,1823.1787109375,21,818,0,5,2,2,17,7,1,0,4
74,58923,1.0,4337.2783203125,927,1832,0,3,2,2,9,4,0,0,4
1180,5163,36.0,538.6005859375,149,336,0,0,2,0,3,33,0,0,4
120,168,1.0,202.7783203125,13,409,0,1,2,1,32,1,0,0,4
1822,873,1000.0,562.78125,38,1047,0,1,2,3,8,4,0,0,4
1379,6583,1.0,4499.0830078125,22,1661,0,5,2,4,31,4,1,0,4
245,2249,1.0,267.255859375,12,404,0,1,2,0,7,1,0,0,4
1822,867,1000.0,567.69921875,38,1047,0,1,2,3,8,4,0,0,4
1843,2179,1.0,2213.439453125,781,417,0,0,2,1,12,3,0,0,4
236,4536,22.0,371.123046875,117,638,0,0,2,0,3,22,0,0,4
1815,6772,11.0,4228.7900390625,1020,416,0,5,6,1,13,12,1,0,4
1792,301,1.0,90.5205078125,19,5,0,2,3,1,7,2,0,0,4
186,8167,1.0,629.7265625,14,1836,0,0,2,1,18,2,0,0,4
74,4589,1.0,1192.2861328125,927,1832,0,3,2,2,9,4,0,0,4
1852,14487,2.0,3424.080078125,694,1837,0,4,2,1,9,2,0,0,4
1216,87,1.0,689.2841796875,596,1618,0,4,2,7,11,4,0,0,4
927,1037,1.0,435.34375,560,1831,0,3,2,2,11,3,0,0,4
945,58883,8.0,7056.1455078125,1363,1928,0,5,17,7,29,29,1,5,4
927,4524,1.0,945.4716796875,892,1831,0,3,2,2,11,3,0,0,4
1792,301,1.0,99.0927734375,19,5,0,2,3,1,7,2,0,0,4
1355,147,1.0,123.63671875,17,6,0,0,2,0,2,1,0,0,4
1180,4535,22.0,459.517578125,128,336,0,0,2,0,3,22,0,0,4
245,2470,1.0,242.9169921875,12,404,0,1,2,0,7,1,0,0,4
236,6704,22.0,469.65625,128,638,0,0,2,0,3,22,0,0,4
1679,1146,1.0,93.71484375,12,596,0,1,2,1,20,1,0,0,4
245,2470,1.0,242.9169921875,12,404,0,1,2,0,7,1,0,0,4
1216,100,1.0,690.3828125,596,1804,0,4,2,7,11,4,0,0,4
520,661,7.0,201.60804392778755,14,1909,0,3,2,4,13,2,0,0,0
1647,39534,2.6080342751617094,4339.59394551666,306,1580,0,3,2,2,13,8,1,0,0
551,6435,1.633182044747533,7613.050113715835,103,806,0,5,5,5,42,7,1,0,0
1369,3891,75.72027023130622,4166.972440969849,215,712,0,3,4,3,28,8,1,0,0
1777,1052,74.24117111628038,898.0442489162497,28,1660,0,2,2,2,17,3,0,0,0
1832,12835,50.10055677758273,2688.5912529855727,141,1408,0,4,3,3,11,9,0,0,0
520,661,7.0,899.00920255534,14,1909,0,3,2,4,13,2,0,0,0
1259,18809,1.0,6613.801156439553,277,912,0,6,4,7,27,7,1,0,0
1853,425,587.1049732104993,3952.1632700874475,519,1609,0,6,5,12,31,18,1,0,0
1845,6662,1623.0153757735109,2345.1918100186303,92,1756,0,7,4,3,8,15,0,0,0
646,30151,1.0,3017.4075155031956,498,645,0,0,2,0,2,9,0,0,0
1325,7123,166.7589301281148,8897.60499216827,100,1121,0,4,3,6,28,5,0,0,0
634,39050,3.9254493563202293,5616.626757618997,633,1001,0,2,2,2,20,16,0,0,0
1862,2161,102.70810542357206,10372.705481007524,274,413,0,3,3,2,11,7,1,0,0
1840,185,150.76162969382312,20205.411902029286,2456,1590,0,14,117,24,64,156,1,4,0
1755,2771,180.80128431846583,735.518088972908,49,1741,0,1,2,1,24,5,1,0,0
4,663,7.0,69.59907122180593,14,1904,0,2,2,3,12,2,0,0,0
1755,1768,180.0,660.1132964221927,49,1270,0,1,2,1,24,5,1,0,0
1505,12224,823.7653733932168,4819.033159160555,346,1095,0,12,7,9,44,15,1,0,0
1714,464,104.81674547626268,15957.285934025542,1787,1323,0,8,349,19,110,245,1,8,0
1425,16951,296573.4727398503,9392.273865931435,161,1096,0,1,2,0,7,2,1,0,0
1767,13112,48.22372276156139,2344.31891448698,93,1540,0,5,3,3,10,8,0,0,0
1783,70,863.2220608364976,1908.1144759168706,160,1774,0,9,2,14,40,17,1,0,0
1643,40189,1.2317381190502594,4224.298901559989,289,892,0,7,2,4,23,9,1,0,0
1725,6920,260.79413118855365,4781.900333423639,62,1796,0,2,2,2,13,4,1,0,0
1133,69,120.41449379566413,1738.441638289221,181,1693,0,8,181,11,83,102,1,3,0
1839,853,138.13150665795695,17803.56349159968,1741,1220,0,11,8,16,30,71,1,2,0
1786,661,7.0,995.2547374647486,14,1909,0,3,2,4,13,2,0,0,0
1647,39644,2.3780353565686756,4320.326482397317,303,1465,0,3,2,2,15,8,1,0,0
1779,988,63.256714710627236,923.3356669387597,26,1701,0,2,2,3,16,2,0,0,0
840,1750,53.77813114751491,695.9046518119775,40,1111,0,2,2,1,13,4,0,0,0
1847,72,1285.9218678308998,2273.948611726511,153,1882,0,16,173,25,79,105,1,3,0
1794,594,139.52502747281642,1199.5527137938939,31,1905,0,5,55,7,28,30,0,1,0
1810,8586,38695.45859318059,10633.237907209836,33,886,0,1,2,0,8,4,1,0,0
1617,38788,11.56486904874038,8890.630526285817,364,1662,0,6,2,3,9,10,1,0,0
1334,39255,3.286755212777005,4757.950508430848,411,1535,0,2,2,2,13,10,0,0,0
1885,184,150.49805611818863,18181.721111231527,2482,1468,0,14,122,24,65,160,1,4,0
1002,41111,2.3161684072915114,6350.557276889464,401,847,0,6,2,5,21,13,0,0,0
1870,12270,46.60322974031807,3088.624379923501,220,1065,0,1,2,4,15,9,0,0,0
1856,193,156.0,20264.789747779585,2498,1548,0,15,11,24,40,104,1,3,0
1494,41121,1.9545343412360119,5665.389432206493,253,1253,0,6,2,5,16,9,1,0,0
1814,5125,2082.853654976181,848.9746054124646,72,1640,0,3,2,1,14,10,0,0,0
1645,38315,12.694970479070857,9128.094233920994,385,1770,0,6,2,3,8,11,1,1,0
1686,12011,43.59741144908704,3254.8991678841476,257,908,0,0,2,5,18,9,1,0,0
1787,9124,71107.56403822097,10701.629883161519,44,900,0,0,2,0,8,2,1,0,0
1186,11390,41.546156168956706,2468.1136130063437,105,979,0,1,2,3,15,8,0,0,0
1767,70,810.7455863488582,2033.0192621107128,164,1781,0,15,326,22,117,174,1,6,0
1822,1718,53.19435503051794,5951.402012026485,166,1752,0,2,3,2,13,13,0,0,0
1646,13037,50.15132947852186,2530.681822395977,113,1530,0,5,3,3,9,9,0,0,0
1782,911,50.12755564275537,953.5492514174261,23,1749,0,2,2,3,15,2,0,0,0
1841,9461,1193.592622236598,5739.606249228278,187,1184,0,2,12,4,18,14,1,0,0
1755,1697,180.0,656.2046743347786,49,1270,0,1,2,1,24,5,1,0,0
1345,7203,462.0283034656193,7509.945382149027,133,1267,0,5,4,7,31,5,1,0,0
1133,28000,10.23020090171207,4278.9719563816125,136,1487,0,5,2,1,7,10,0,0,0
1377,72,931.6547446825044,2369.0073270280677,167,1880,0,20,474,31,152,253,1,9,0
661,6530,1.0,7806.692476706696,97,847,0,5,4,6,41,7,1,0,0
590,1309,19.232608492392274,626.2374712994764,27,1109,0,1,2,1,10,4,0,0,0
1866,1798,107.94826823350307,11302.215027159367,653,604,0,4,94,6,37,69,1,2,0
1755,1667,180.0,654.530533991712,49,1270,0,1,2,1,24,5,1,0,0
1786,790,29.237317897524832,1001.6474494363431,19,1826,0,2,2,3,14,2,0,0,0
1717,11498,238.18812779671566,5725.894446542396,729,1210,0,4,3,5,46,14,1,0,0
1374,1083,52.694397478526554,17086.175936897478,636,1034,0,5,3,6,16,24,1,0,0
1744,8592,73375.07251604547,10216.565008532829,89,953,0,0,2,0,8,2,1,0,0
601,27235,14.685262064674795,11521.71199341506,397,1228,0,3,2,1,7,7,0,0,0
1730,22780,38.26040543074219,3745.3806580265655,874,1378,0,5,6,3,30,60,1,0,0
1643,40201,1.2078174001530135,4222.295015750611,288,880,0,7,2,4,23,9,1,0,0
20,2990,1.0,140.13137030716283,16,1016,0,2,2,2,15,2,0,0,2
1104,254,1.0,792.4143401465992,34,725,0,2,2,0,11,1,0,0,2
1725,2852,1.0,616.6428625596079,23,1569,0,1,2,1,10,1,0,0,2
1047,8375,1.0,680.8803743586924,12,1282,0,1,2,1,1,1,0,0,2
1082,2309,1.0,119.45685369093802,15,1560,0,2,2,2,15,2,0,0,2
74,1962,1.0,204.62277210062854,42,1670,0,3,2,2,12,3,0,0,2
121,2736,1.0,132.83486935845892,16,1258,0,2,2,2,15,2,0,0,2
1347,2526,1.0,125.88104598072695,15,930,0,2,2,2,15,2,0,0,2
1404,2605,1.0,128.2804198389202,16,796,0,2,2,2,15,2,0,0,2
1054,2314,1.0,119.69908303419713,15,1636,0,2,2,2,15,2,0,0,2
145,155,2.8655938158621836,676.5696463832198,26,1238,0,1,2,1,6,1,0,0,2
802,128,1.0,1809.220573633712,10,925,0,0,2,0,0,1,1,0,2
44,2447,1.0,176.9913873169413,30,1436,0,2,2,2,13,2,0,0,2
74,4790,1.0,1242.0606623994831,1023,1884,0,5,2,1,11,6,0,0,2
74,4789,1.17372346367931,1359.520737906992,1011,1884,0,5,2,1,11,6,0,0,2
1804,108,1.0,1556.460232631879,13,786,0,1,2,0,1,1,0,0,2
352,2061,1.0,183.50127895495334,34,1765,0,2,2,2,12,2,0,0,2
1081,2206,1.0,116.1531285464923,15,1154,0,2,2,2,15,2,0,0,2
471,2184,1.0,116.79371857247803,15,1779,0,2,2,2,15,2,0,0,2
20,182,78.76472386744568,130.2445889870957,25,1635,0,1,2,0,7,1,0,0,2
1511,2675,1.0,144.43742039576398,10,1786,0,3,3,2,16,3,0,0,2
1211,885,6051.579699762478,301.0385562234143,34,316,0,2,2,1,15,1,0,0,2
74,1962,1.0,199.61773709403673,42,1436,0,3,2,2,12,3,0,0,2
1089,2318,1.0,119.68612101038339,15,1628,0,2,2,2,15,2,0,0,2
101,129,16.708549923015607,648.203536695795,20,1247,0,1,2,1,3,1,0,0,2
271,2101,1.0,139.2949129578273,22,1656,0,2,2,2,14,2,0,0,2
927,2158,1.0,114.93417404298359,15,1134,0,2,2,2,15,2,0,0,2
1792,7635,1.0,534.0814948649091,179,1199,0,4,2,1,12,1,0,0,2
257,354,12.115610542160187,161.96745853208392,66,1685,0,5,2,1,29,2,0,0,2
1605,2457,1.0,120.02177676967605,15,1326,0,2,2,2,15,2,0,0,2
1580,2265,1.0,187.33219840581853,16,1558,0,1,2,1,14,1,0,0,2
309,2128,1.0,129.92376200254492,19,1810,0,2,2,2,14,2,0,0,2
324,7892,1.0,578.6095760376313,53,655,0,3,2,3,9,2,0,0,2
170,1980,1.0,198.8802713244456,39,1734,0,2,2,2,12,2,0,0,2
1378,2158,1.0,110.98644482953885,15,1233,0,2,2,2,15,2,0,0,2
74,4788,2.6557937366819635,1359.5143696362877,1011,1884,0,5,2,1,11,6,0,0,2
258,2092,1.0,146.78496012058693,24,1811,0,2,2,2,13,2,0,0,2
74,5315,3.0435110614613645,988.3572765884015,474,958,0,5,2,3,15,4,0,0,2
74,1962,1.0,199.40120896892344,42,1426,0,3,2,2,12,3,0,0,2
1346,2158,1.0,111.37722287280961,15,1174,0,2,2,2,15,2,0,0,2
1464,2688,1.0,130.80538419042563,16,919,0,2,2,2,15,2,0,0,2
1214,5455,1.0,1166.0799540998207,45,1666,0,1,2,0,1,1,0,0,2
74,4789,1.7554308786695803,1189.57547317027,1028,1884,0,5,2,1,11,6,0,0,2
877,2158,1.0,115.04299251908553,15,1192,0,2,2,2,15,2,0,0,2
379,153,1.0,755.89449685911,23,1041,0,1,2,1,4,1,0,0,2
1841,3097,1.0,797.4540872245288,26,1594,0,1,2,1,9,1,0,0,2
1201,1317,1.0,1210.9833396131537,975,1882,0,4,2,1,11,5,0,0,2
1205,2158,1.0,110.97635713846746,15,1629,0,2,2,2,15,2,0,0,2
185,2001,1.0,198.01904432121438,39,1796,0,2,2,2,12,2,0,0,2
1211,866,5607.074317844164,328.48950865211305,37,305,0,2,2,1,15,1,0,0,2
1011,5336,1.0,1164.875758272847,221,1705,0,1,2,0,3,2,0,0,2
165,118,1.0,846.0330749626804,18,1121,0,1,2,0,1,1,0,0,2
16,3017,1.0,140.8335467102007,17,951,0,2,2,2,15,2,0,0,2
1207,874,1.0,1026.4912834982435,496,1865,0,3,2,1,21,4,0,0,2
931,262,1.0,1045.5868873334991,52,365,0,2,2,0,9,1,0,0,2
1323,5490,1.0,1085.4590891947746,55,1667,0,1,2,0,2,1,0,0,2
640,2222,1.0,117.63446077759718,15,1738,0,2,2,2,15,2,0,0,2
864,8033,1.0,603.9221392692762,59,358,0,3,2,4,14,2,0,0,2
22,2802,1.0,154.48281151988763,22,1158,0,2,2,2,14,2,0,0,2
74,4789,1.285732147210095,1170.771836708164,1030,1884,0,5,2,1,11,6,0,0,2
1082,2255,1.0,117.73878134099364,15,1359,0,2,2,2,15,2,0,0,2
74,4241,10.863494531277933,1697.3907397598055,461,796,0,6,2,4,22,8,0,0,2
17,2890,1.0,148.89770266646906,19,1089,0,2,2,2,14,2,0,0,2
1317,10380,1.0,453.74269913754574,9,603,0,1,2,2,7,1,0,0,2
1284,2158,1.0,115.29145645528286,15,1155,0,2,2,2,15,2,0,0,2
67,2073,1.0,200.71573586296992,39,1729,0,2,2,2,12,2,0,0,2
198,15782,1.0,1285.7509827790998,367,1873,0,0,2,0,10,2,0,0,3
527,26320,68.8446868136053,3196.064131496477,44,1901,0,4,2,2,12,6,0,0,3
1235,5154,6.567533266935893,2507.002424764593,110,1794,0,2,3,1,11,11,0,0,3
1329,5079,13.0,880.3674438895058,213,656,0,4,5,3,11,24,0,0,3
1851,31152,996.1561668561226,3051.078608806938,447,1364,0,9,3,14,23,15,1,0,3
254,39264,1.0,2642.1868560296184,429,1840,0,3,2,1,5,2,0,0,3
447,13324,1.0,1157.9648912481355,252,1880,0,0,2,2,31,4,0,0,3
896,39264,1.0,2638.936992629984,428,1912,0,3,2,1,5,2,0,0,3
1271,906,1.0,133.1984141150414,12,941,0,1,2,1,17,1,0,0,3
1173,1194,34.4057133850766,106.12941348996594,26,1885,0,0,2,0,5,3,0,0,3
1687,1070,24.237245235509,245.83365408670056,28,703,0,3,2,5,26,4,0,0,3
1446,39264,1.0,2651.9210828527466,427,1896,0,3,2,1,5,2,0,0,3
1831,3812,1.0,330.93844602586626,22,1648,0,4,3,2,21,3,0,0,3
1610,1276,31.758855936914298,234.71326479594566,29,1508,0,2,2,4,21,4,0,0,3
689,25699,71.98857708558174,3051.3969444873287,59,1920,0,4,2,2,13,7,0,0,3
1816,1113,23.366840053892428,322.85191629317137,30,783,0,4,2,7,29,4,0,0,3
1792,1108,30.0,526.0612155221387,32,566,0,4,2,7,29,5,0,0,3
1729,1108,30.0,949.6101598011434,32,816,0,4,2,7,29,5,0,0,3
1792,1108,30.0,283.2520736943138,32,1396,0,4,2,7,29,5,0,0,3
846,39264,1.0,2681.315852316372,429,1828,0,3,2,1,5,2,0,0,3
976,3444,12.219366282896043,24214.462971171528,431,803,0,3,2,1,11,20,0,0,3
1792,1108,30.0,270.0554967148656,32,659,0,4,2,7,29,5,0,0,3
1834,2569,33.77545773998917,166.78246067369778,24,1869,0,0,2,0,6,3,0,0,3
1828,22071,50.232338241272245,6304.165935214942,383,1265,0,10,2,13,28,9,1,0,3
1374,1092,34.04890006783952,156.7596532045663,27,1711,0,1,2,2,12,3,0,0,3
1859,31436,2100.0,2468.4740623741523,42,1812,0,18,6,28,25,11,1,2,3
838,26417,83.18318964835902,2985.6404413210294,73,1887,0,3,2,2,14,8,0,0,3
1869,33746,290.08600514429395,2368.1313616957555,154,1915,0,3,2,4,20,14,1,0,3
962,1131,14.69423282969653,381.5149149450938,61,627,0,5,2,4,21,6,0,0,3
1875,35062,129.55205457087416,2432.153652990979,169,1884,0,2,2,2,20,15,1,0,3
1871,32515,1537.6730277442932,2457.9951557037107,78,1831,0,13,4,20,23,12,1,1,3
561,80885,3195.5305622459146,13285.730136862698,1770,1394,0,14,7,18,49,41,1,1,3
1833,3812,1.0,335.0168121522785,22,1648,0,4,3,2,21,3,0,0,3
1445,4788,10.251606159454731,753.3194502651543,169,1625,0,4,4,2,13,19,0,0,3
499,39264,1.0,2640.4197423650817,429,1870,0,3,2,1,5,2,0,0,3
1173,1343,32.340870194326044,107.60275273540623,25,1885,0,0,2,0,5,3,0,0,3
1875,28523,103.20983380669428,2830.7678198092217,435,1474,0,2,2,2,20,16,1,0,3
1188,1554,29.025419126744094,144.60785598020365,26,1881,0,0,2,0,5,3,0,0,3
424,26738,57.078914269933044,3403.8158311135144,101,1814,0,4,2,3,12,6,0,0,3
566,126902,9839.565869535056,32472.459058955985,4620,941,0,31,14,38,79,98,1,4,3
1849,33093,801.7227610218879,2390.7155872579087,122,1886,0,7,3,11,21,13,1,0,3
1586,36478,95.61887461146692,2519.2512735893083,250,1863,0,2,2,1,15,10,0,0,3
1807,21870,282.9768007004221,7737.162729748339,299,245,0,7,3,11,31,11,1,0,3
1867,30962,254.0097920343269,3459.837595001324,720,1063,0,3,2,6,22,18,1,0,3
1183,66419,1018.0,6857.144291342115,875,1549,0,9,5,13,40,24,1,1,3
1807,20942,309.9123677125414,7761.522999009679,367,535,0,9,3,13,32,9,1,0,3
1662,1061,22.91098301774841,241.24645610211954,27,903,0,3,2,5,26,4,0,0,3
1842,2788,27.992064207793213,196.61568557412522,24,1830,0,0,2,0,8,3,0,0,3
1866,3812,1.0,333.58326361403783,22,1648,0,4,3,2,21,3,0,0,3
1579,36378,99.01429949790001,2498.8667909727087,244,1889,0,2,2,1,15,11,0,0,3
1248,5136,3.0,3283.9128580920237,47,1891,0,0,2,1,11,5,0,0,3
1811,21084,483.1602703276589,7098.661802217817,280,357,0,5,3,9,31,11,1,0,3
1876,1125,6.564508992631907,492.1841535645368,25,437,0,5,3,7,32,2,0,0,3
337,15137,1.0,1436.7379386020643,276,1630,0,1,2,1,4,2,0,0,3
1337,66418,1017.8714605901877,6819.223861625825,875,1551,0,9,5,13,40,24,1,1,3
1792,1108,30.0,277.75718927292223,32,984,0,4,2,7,29,5,0,0,3
564,66419,1018.0,6951.445049445364,875,1546,0,9,5,13,40,24,1,1,3
1792,1108,30.0,277.25396923312724,32,985,0,4,2,7,29,5,0,0,3
998,26466,90.5493318563262,2877.539139279881,88,1879,0,3,2,2,15,9,0,0,3
1381,743,1.0,143.15683427977717,12,1113,0,1,2,1,15,1,0,0,3
282,7329,1.0,15444.604427138212,673,684,0,0,2,0,14,4,0,0,3
1840,32264,1451.2729110573978,2416.5363841791504,82,1849,0,12,4,19,23,12,1,1,3
1173,1577,29.0,120.82182995134198,25,1885,0,0,2,0,5,3,0,0,3
1853,261,7.610119713716308,209.66195341109673,17,1766,0,4,2,3,11,1,0,0,3
1812,21942,295.31056674374054,5887.942841823177,601,909,0,4,5,7,23,22,0,0,3
1792,1108,30.0,274.92741174655134,32,853,0,4,2,7,29,5,0,0,3
1638,8177,1.0,369.8214829866188,10,937,0,0,2,0,5,1,0,0,4
245,2269,1.0,265.0488206845796,12,404,0,1,2,0,7,1,0,0,4
1836,48969,4455299.408061279,9806.662810424566,1708,1354,0,6,7,9,53,36,0,0,4
1610,7161,8.300178274831856,3756.767801908759,684,671,0,4,4,1,16,8,0,0,4
1882,52018,6008012.255608599,10462.444935163523,1640,1628,0,4,10,10,43,42,1,0,4
1707,1271,1.0,221.65046132337434,15,440,0,1,2,0,12,1,0,0,4
1782,1048,3.1868411173731186,108.53581772907172,19,778,0,3,2,1,22,5,0,0,4
818,60,1.0,40.63728963242798,11,1854,0,0,2,0,21,1,0,0,4
231,8167,1.0,621.5399264541948,13,1807,0,0,2,0,17,1,0,0,4
1437,41954,100.99213421358378,18802.984956804856,761,1671,0,2,4,5,23,7,0,0,4
1860,994,4.757995766256757,135.31185892278157,24,890,0,5,2,0,22,9,0,0,4
343,4010,16.565552136707964,261.84456173878607,13,396,0,1,2,0,8,1,0,0,4
835,8351,3.402100021188915,2425.224869191493,23,1030,0,4,2,2,19,4,0,0,4
253,8167,1.0,609.8673592573996,13,1694,0,0,2,0,16,1,0,0,4
1672,8001,1.0884925020519196,393.75435246146253,12,881,0,0,2,0,7,1,0,0,4
105,4578,5.115640110802049,1045.953920915327,770,1597,0,2,2,1,7,7,0,0,4
1398,6591,1.4522728891053807,4486.858389624356,67,1604,0,5,2,3,30,4,1,0,4
465,8169,1.0,547.0291174059037,12,1245,0,0,2,0,13,1,0,0,4
1822,784,1000.0,555.8916595811709,38,1047,0,1,2,3,8,4,0,0,4
1033,150,1.0,31.84522632536812,17,1870,0,0,2,0,7,1,0,0,4
405,4015,26.346848645514456,260.9515743912364,13,392,0,1,2,0,8,1,0,0,4
1189,122,1.0,456.07898944448436,390,1710,0,2,2,4,8,3,0,0,4
1676,2493,38.80242076904688,1255.4987691046936,239,392,0,2,2,1,11,2,0,0,4
667,4822,28.40225483578452,488.14468954980674,137,499,0,0,2,0,3,27,0,0,4
245,2470,1.0,242.9169921875,12,404,0,1,2,0,7,1,0,0,4
1679,1091,1.0,89.64902116199858,12,596,0,1,2,1,20,1,0,0,4
774,58,1.0,29.379945428751768,11,1852,0,0,2,0,21,1,0,0,4
85,58922,1.091791443796379,4372.930998116961,932,1833,0,3,2,2,9,4,0,0,4
1746,30177,1373909.480693519,6039.178629828444,1239,813,0,2,3,3,51,16,0,0,4
823,82,1.0,24.518767483866483,12,1855,0,0,2,0,17,1,0,0,4
1175,4085,148.2986911253025,250.42412085972222,22,336,0,3,2,0,16,2,0,0,4
245,2289,1.0,262.76041784593514,12,404,0,1,2,0,7,1,0,0,4
1839,16402,1761984.1525979638,3596.652364302642,592,1217,0,3,4,5,21,16,0,0,4
423,4532,16.309150528860734,526.7674094126464,327,961,0,0,2,0,5,16,0,0,4
1679,1093,1.0,89.80576845771479,12,596,0,1,2,1,20,1,0,0,4
1253,7840,3.592357213872723,2933.6778146707934,99,1117,0,4,2,2,21,3,0,0,4
1700,1239,1.0,189.27116502858692,14,479,0,1,2,0,14,1,0,0,4
1685,1176,1.0,124.60209515669493,12,558,0,1,2,0,18,1,0,0,4
365,4574,22.0,403.1141063938057,118,596,0,0,2,0,3,22,0,0,4
1716,1308,1.0,259.8676201990868,16,394,0,1,2,0,10,1,0,0,4
1822,776,1000.0,555.3513339119716,38,1047,0,1,2,3,8,4,0,0,4
1870,47664,5626491.767679087,9597.51275610229,1473,1560,0,2,10,9,39,38,0,0,4
1822,775,1000.0,556.50489988279,38,1047,0,1,2,3,8,4,0,0,4
1553,6831,1.674816677973253,613.6539749599119,31,719,0,0,2,0,21,2,0,0,4
1697,6720,8.29606178338064,4301.875587851163,750,752,0,5,4,1,17,9,1,0,4
1822,817,1000.0,557.0607207485308,38,1047,0,1,2,3,8,4,0,0,4
1474,6227,1.8872127425763265,1160.0847101060067,39,745,0,0,2,1,30,3,0,0,4
931,65,1.0,69.96461443740219,11,1862,0,0,2,0,21,1,0,0,4
1731,1373,1.0,328.2601763710899,18,310,0,1,2,0,6,1,0,0,4
434,4531,15.978140531682895,588.9607305740061,347,980,0,0,2,0,5,16,0,0,4
1197,94,1.0,554.8546940821695,456,1821,0,3,2,5,13,3,0,0,4
1283,7336,2.1225543951389927,3562.3283568591714,24,1387,0,4,2,3,25,3,0,0,4
452,4432,51.08716814577076,343.3255303311648,95,568,0,0,2,0,6,17,0,0,4
1852,27688,3041901.46578405,5801.281517304278,996,1341,0,4,5,8,31,24,0,0,4
1297,7223,1.9545343412360119,3702.5385485689085,23,1428,0,4,2,3,26,3,0,0,4
1749,1585,1.0,644.644000878779,140,494,0,0,2,1,15,2,0,0,4
1156,4094,145.7717709034999,252.83900381836878,24,342,0,3,2,0,16,2,0,0,4
1822,745,1000.0,554.1688299177724,38,1047,0,1,2,3,8,4,0,0,4
1150,5143,35.55999140038572,535.6785310604298,148,345,0,0,2,0,3,32,0,0,4
934,8539,1.0,1019.3575142546608,65,236,0,0,2,0,12,8,0,0,4
1882,55250,6008157.715523361,11093.312534484992,1804,1628,0,6,9,12,49,44,1,0,4
1444,8178,1.0,549.7110036855668,11,1279,0,0,2,0,5,1,0,0,4
1679,1084,1.0,89.11497070344099,12,596,0,1,2,1,20,1,0,0,4
1098,89,1.0,523.7032040775289,450,1815,0,3,2,5,13,3,0,0,4
1180,4792,27.74536092249882,491.9718940335433,136,336,0,0,2,0,3,26,0,0,4
1331,2096,100.73275028768242,365.56124183800284,70,355,0,0,2,1,15,2,0,0,4
